nep4_zbl 5 Ca Si O H C 
zbl 1 2
cutoff 6 5 106 67 -1 -1 0.7
n_max 4 4
basis_size 8 8
l_max 4 2 1
ANN 30 0
 -5.2077645e-01
  2.2086839e-01
 -1.0695191e-01
 -6.2636536e-01
 -1.3206795e-01
  2.3102959e-01
  2.5821733e-01
 -3.0584529e-01
 -2.3045932e-01
 -3.2712912e-04
  3.5159841e-01
  3.3740556e-01
 -5.2762907e-02
 -8.6400378e-03
 -7.8810066e-02
  1.2421191e-01
  9.6148528e-02
 -9.8698914e-02
  1.1954052e-01
 -7.4915074e-02
  2.5233071e-02
 -1.7169878e-02
 -1.0254746e-01
  1.5707524e-01
 -1.6414163e-01
  4.9803518e-02
 -1.2726302e-01
 -5.0609387e-02
  2.2110075e-02
  1.2841281e-01
 -1.5801261e-01
  5.3580061e-02
  4.3507922e-02
 -1.6905043e-02
 -1.6884904e-02
  2.5098959e-02
 -6.5163769e-02
 -2.9223250e-02
  5.2413774e-01
  3.1032113e-02
 -4.8759114e-02
 -1.6818598e-02
 -3.1122718e-02
  1.0769330e-02
 -4.6289811e-01
  1.9765946e-01
 -6.4298362e-02
  1.1175010e-01
  4.6724011e-03
 -9.4876242e-01
 -1.1153165e-01
  2.0906093e-02
  2.1608335e-03
 -3.0308736e-02
 -2.9276883e-02
 -1.1417884e-01
 -1.0421371e-01
 -7.3260456e-02
 -5.9096359e-02
 -2.2597346e-03
  6.5596304e-03
  9.8869815e-02
 -7.0534363e-02
 -9.7295372e-03
  1.6678005e-02
  9.7166039e-02
 -1.1098766e-01
 -3.3114277e-02
 -6.5231428e-02
  2.9792670e-02
 -4.6435225e-01
  3.0305168e-01
 -5.7298247e-02
 -9.0719469e-02
 -2.8691372e-01
  3.0659851e-01
  1.9407429e-01
 -2.0857202e-01
 -3.5402218e-01
  9.9057101e-02
  2.1744655e-01
  2.8201255e-01
 -8.2196698e-02
  4.0456891e-02
 -1.2274130e-01
  3.3502698e-01
  3.4773770e-01
 -2.7341652e-01
  1.0411082e-01
  3.6291376e-02
 -2.5497964e-02
  2.2221829e-01
 -4.1953492e-01
  2.2798915e-01
 -2.2507964e-01
 -5.6450802e-01
 -8.5924156e-02
  4.6843287e-02
  1.4619641e-03
  2.3926189e-02
 -8.0384715e-03
  4.2929696e-03
  1.4008514e-02
 -5.9917785e-02
  2.4615349e-02
  1.2922578e-01
 -9.2252202e-02
  4.5571208e-02
 -1.4988372e-01
  3.0549916e-02
  1.2816586e-04
 -9.1407306e-02
  3.9731562e-02
  2.7605085e-02
 -1.9520566e-01
 -3.2848798e-02
 -5.7100143e-02
 -4.6363935e-02
  7.6497328e-03
  3.2282632e-02
 -8.5817970e-02
  6.6176340e-02
  8.9592934e-02
  3.3012867e-02
  4.2760003e-02
  6.1406653e-02
 -1.1369914e-03
 -2.5676085e-02
  4.3483041e-02
  1.1220542e-01
 -1.6278846e-02
 -1.2906045e-01
  1.2583847e-01
 -7.9305492e-02
  1.3550942e-02
  2.3694411e-02
 -9.5711118e-03
 -5.4675836e-02
 -3.2188520e-03
  8.3466500e-02
  3.7617612e-01
 -1.3926101e-01
  3.1021073e-01
  1.5901032e-01
  1.2112129e-01
 -2.0214134e-01
 -1.4389589e-01
  9.4232768e-02
  3.5865670e-01
 -1.4089727e-01
 -1.7851824e-01
 -6.8425529e-02
 -7.7918589e-02
  3.1328537e-03
 -4.0010832e-02
 -2.5859392e-01
 -2.0087992e-01
  1.5937191e-01
 -9.8790452e-03
  8.8359557e-02
 -5.2546635e-02
 -6.8513311e-02
  1.0162750e-01
 -1.1044026e-01
  8.2753561e-02
  1.4123809e-02
 -9.3854010e-02
  4.5407340e-02
  3.5783953e-03
 -8.6674951e-02
 -8.0396079e-02
  2.9855968e-02
  2.1114415e-02
  8.6185813e-02
  8.5174516e-02
  1.1935691e+00
 -5.9560090e-01
 -5.0579226e-03
  1.8461740e-01
  4.5854545e-01
 -6.9837570e-01
 -2.7728093e-01
  4.9072844e-01
  4.0206215e-01
 -1.3636576e-01
 -6.1948240e-01
 -5.7953662e-01
  8.3656840e-02
 -7.4190132e-02
  3.6405188e-01
 -3.4982073e-01
 -3.7322986e-01
  2.2716431e-01
 -5.4162574e-01
  2.2887003e+00
 -2.7377864e-02
 -4.6354574e-01
  2.6213485e-01
 -3.8306713e-01
  1.7239593e-01
  2.5501531e-02
  4.6032745e-02
 -5.4882571e-02
 -1.6594136e-02
 -5.1201079e-02
  7.7354074e-03
 -9.3112484e-02
  2.0854212e-02
 -1.3592860e-01
 -3.3235017e-02
  2.1289064e-01
 -3.3714890e-02
 -2.2355810e-02
 -5.8952298e-02
  1.1260156e-01
 -1.4557859e-01
 -1.1023931e-01
  1.2171077e-01
  1.7868678e-01
 -2.1356516e-01
 -1.5767336e-01
 -8.0163009e-02
 -2.9075217e-02
 -1.4011143e-01
  6.2904996e-03
 -1.7876428e-01
 -1.7013711e-01
  3.1790480e-02
 -1.3462938e-01
  9.5605141e-01
 -2.2097757e-02
 -1.1505044e-01
  2.0720907e-01
 -6.7138292e-02
  1.6571854e-01
  3.8903169e-02
  1.9364653e-02
  5.1879369e-02
  8.8986404e-02
 -5.2930906e-02
  1.5576330e-02
  1.6121337e-03
  7.3726743e-02
 -4.1551478e-02
  6.4610489e-02
 -4.8229191e-01
  1.6608225e-01
  1.0792162e-01
 -1.2126639e-01
 -1.4077924e-01
  4.5676846e-02
  1.8883948e-01
 -2.1395969e-01
 -6.7564808e-02
  5.8796380e-02
  2.6156285e-01
  2.1367523e-01
 -4.8236884e-02
  2.3819288e-02
 -8.3289452e-02
 -2.8337929e-02
  2.1818712e-01
 -1.2408832e-01
  8.1395864e-02
 -5.5756204e-02
  1.4210571e-02
  1.1255196e-01
  5.1601410e-02
  6.7704022e-02
 -1.0208864e-01
  2.1132814e-02
  1.2905044e-02
  9.9678934e-02
 -3.3911731e-02
 -5.7655957e-02
 -2.5536979e-02
  6.0715765e-02
  6.5798305e-02
 -9.7751863e-02
 -2.9907821e-02
  9.2043959e-02
 -4.6825837e-02
 -8.6154811e-02
  4.8863649e-01
  1.3941680e-03
  9.1577381e-02
 -6.3889846e-02
 -2.4712328e-02
  3.2722879e-02
  1.0874530e-01
 -1.1946279e-02
 -2.7811559e-02
  2.4696417e-02
 -1.1592409e-02
 -3.7571974e-02
 -8.5459553e-02
  6.5676734e-02
  1.2855199e-02
 -1.6419470e-02
  1.6224211e-02
 -3.9024383e-02
 -1.8545041e-02
  6.3743778e-02
 -4.7960412e-02
  1.0777521e-01
  4.2368602e-02
 -1.1777472e-01
 -1.2775876e-01
  3.0396949e-02
  4.8987582e-02
 -1.7579243e-02
  7.1957983e-02
  4.2094834e-02
 -3.6600776e-02
 -1.1012616e-03
  1.2247019e-01
 -5.8305100e-02
  3.1021053e-02
  6.3655019e-02
  6.3449346e-02
  2.4307530e-02
  6.4617366e-02
  1.7052935e-01
  6.0553409e-02
  1.3163148e-01
 -2.3260795e-01
 -1.6964652e-02
  4.0504560e-02
  1.0447473e-01
  6.0853787e-02
 -1.5498656e-01
 -1.3925721e-01
  8.7179635e-03
  1.1451919e-01
 -8.5780196e-02
  3.3008087e-02
 -1.2547818e-01
  8.6802773e-02
 -7.0767462e-02
  5.3038884e-02
 -7.3324949e-02
  3.5797790e-01
  2.6070373e-02
  9.5065311e-02
 -2.1969769e-03
 -3.1328499e-02
 -6.1550677e-02
  8.2898200e-02
  1.8996546e-03
 -1.3637900e-01
 -4.5784287e-02
 -2.3935990e-02
 -4.5910589e-02
 -7.9124190e-02
  3.8546789e-02
 -8.1674819e-04
 -6.1986886e-02
  1.1960043e-01
  3.2364178e-02
 -6.1537921e-02
 -6.9828436e-02
 -6.8161502e-02
  4.1462239e-02
  5.7027977e-02
  1.1743027e+00
  4.7210433e-02
 -1.0049568e-01
 -2.6481567e-02
 -3.4928662e-01
 -2.3514876e-02
  7.9282649e-02
 -5.2428325e-03
  8.4146596e-02
  5.2435552e-03
 -7.0992261e-02
  3.4732752e-02
 -5.2200317e-02
  3.2993434e-03
 -6.2589169e-02
 -1.5332153e-02
  1.3943704e-02
  6.3865222e-02
  4.7249142e-02
 -2.0921245e-01
 -1.6269339e-02
  2.4560918e-01
 -4.6698919e-01
  1.0124006e-01
 -6.4568624e-02
  1.1121756e-01
 -1.4581236e-01
 -4.3461163e-02
 -1.3289417e-01
  5.5891942e-02
 -1.1366311e-01
 -1.6521830e-02
  1.5057007e-02
 -8.3980322e-02
  1.1903121e-01
  9.4501913e-02
 -7.5050215e-03
 -6.8407334e-02
  5.4673463e-02
  8.4219016e-03
 -1.1220760e-02
  2.4320383e-02
 -1.2528795e-01
  2.5240704e-02
 -1.4604850e-01
  6.4065173e-02
  8.9764245e-02
 -9.4471406e-03
 -1.6412189e-02
 -7.6896367e-03
 -1.4329389e-01
 -6.1653588e-02
  9.7379811e-02
 -4.6265177e-02
 -1.0439547e-01
  4.8380657e-03
  1.5686255e+00
 -2.1655579e-01
  3.2471649e-02
  1.5181293e-01
 -3.2648644e-01
 -3.4286836e-01
 -1.5487684e-01
  3.6261141e-01
 -5.1813394e-01
 -1.1741500e+00
 -3.3873618e-01
 -3.3880314e-01
  1.4953987e-03
  1.0678358e-01
  2.4922240e-01
 -1.2066153e+00
 -2.3259012e-01
  2.0549351e-01
 -1.1214722e-01
  7.1419321e-02
 -6.3739307e-02
 -2.8873217e-01
  1.7887076e-02
 -2.4110499e-01
  1.2136555e-01
 -1.1937388e-01
 -1.4856880e-03
  8.4365578e-03
 -4.2593919e-02
 -5.1157188e-02
  1.2803246e-02
  1.3284443e-01
 -6.1128274e-02
 -1.2718143e-03
 -8.7950453e-02
  6.1356407e-01
 -2.4899155e-01
  1.0877070e-01
  3.3430081e-02
  1.3199876e-01
 -2.1834168e-01
 -1.0893448e-01
  2.5134543e-01
  2.2886768e-01
 -5.7252729e-03
 -2.2987780e-01
 -2.3586446e-01
 -2.3741232e-02
 -2.2122854e-02
  1.7812443e-01
 -5.2847809e-01
  1.4056532e-02
  2.1744642e-01
 -1.8718824e-01
 -6.4055622e-03
  7.4781612e-02
 -1.3251698e-01
 -7.4645886e-03
 -2.5045422e-01
  1.2658025e-01
 -4.9183220e-02
 -9.5664039e-02
  2.1538571e-02
  5.7033803e-02
  7.5941816e-02
  3.5369806e-02
  6.5763541e-02
  4.3168616e-02
  7.2430156e-02
 -9.6260883e-02
  3.8981813e-01
 -3.0728657e-02
  2.1590350e-02
 -3.1292960e-02
  1.8313792e-01
 -1.7665391e-01
 -1.2342918e-01
  1.6309042e-01
  1.9958235e-01
 -6.4590551e-02
 -3.3371431e-01
 -1.5802173e-01
 -4.6554985e-03
  5.2532747e-02
  5.5691693e-02
 -2.1518271e-01
 -2.7941179e-01
  3.8775917e-02
 -4.1567989e-02
  3.2131471e-02
  1.3120055e-02
 -2.0798174e-01
  8.1086211e-02
 -3.5818106e-01
  1.6607192e-01
  3.2198668e-02
 -1.9635689e-02
 -8.6160600e-01
 -2.9211944e-02
 -6.1751787e-02
  1.4961887e-02
 -7.6867208e-02
 -3.0564802e-02
 -3.3944990e-02
  3.2961454e-02
 -4.1213495e-01
  1.2228021e-01
  8.7079987e-02
 -1.5045725e-02
 -2.4899422e-01
  3.2175627e-01
  1.7593926e-01
 -7.7027775e-02
 -9.8726660e-02
 -3.5205439e-02
  2.5883463e-01
  1.1908937e-01
  9.7408909e-03
 -2.9741086e-02
 -1.3369073e-01
  1.0620324e-01
  3.0281238e-02
 -3.6699188e-01
  6.5249331e-02
 -1.0934794e-02
  1.1229397e-01
  1.0207824e-01
  1.1412213e-02
  5.7090424e-02
 -7.5526364e-02
  1.5648870e-02
  1.2816234e-01
 -4.9134471e-02
  1.3022791e-01
 -1.1254396e-01
 -2.6000075e-02
  1.7697699e-02
 -5.9577741e-02
 -2.5825305e-02
  2.5660204e-02
  3.1785625e-01
 -1.4918377e-01
  4.2556353e-02
  2.9775405e-01
  2.2539324e-01
 -1.4874391e-01
 -1.0047675e-01
  1.3067588e-01
  2.6681691e-01
 -1.0628732e-01
 -2.1487626e-01
 -1.8613152e-01
  8.1947796e-02
 -2.9021025e-02
  8.5550576e-02
 -1.4632666e-01
 -1.9264039e-01
  5.4723334e-02
 -3.7215453e-02
  1.4707915e-01
 -6.1633524e-02
 -2.6746932e-01
 -3.1224180e-02
 -1.6125706e+00
  7.9766393e-02
 -1.8215546e-02
 -3.0274203e-02
 -4.5544639e-02
 -2.6391849e-02
 -2.2154164e-02
  4.1006375e-02
 -3.9511051e-02
 -2.8830882e-02
 -1.9629123e-02
  4.7468804e-03
 -1.1275915e-01
 -1.0126744e-01
  9.8337501e-02
 -3.2647151e-02
 -5.9730190e-01
  4.8700381e-02
  6.4717576e-02
  3.6468394e-02
 -6.7447960e-02
 -4.5919474e-02
 -8.3527811e-02
 -5.9592524e-03
 -1.4485608e-02
 -4.4586696e-02
  3.0882822e-02
 -7.5774826e-02
 -2.2779087e-02
 -4.9408507e-02
  1.3803340e-01
 -2.3229621e-02
  1.3305268e-02
 -1.1347906e-02
 -8.6759135e-02
  5.1066823e-02
 -3.5398211e-02
  4.3994322e-02
 -1.1312063e-01
 -1.5651992e-01
  4.0434577e-02
  5.5688405e-03
 -2.0403467e-02
  3.3385362e-02
  4.8449323e-02
 -3.1581846e-01
  6.7390941e-02
  8.1609213e-01
 -2.9783574e-01
  2.1892840e-02
  9.4612792e-02
  2.2960530e-01
 -3.0008745e-01
 -2.0211579e-01
  3.7992266e-01
  2.6568079e-01
 -2.5406366e-02
 -3.4423190e-01
 -2.9610801e-01
  6.8139084e-02
 -3.0934596e-02
  1.7153630e-01
 -1.2147610e-01
 -2.4979874e-01
  2.1132571e-01
 -1.8540224e-01
  8.7593623e-02
  8.3987070e-03
 -2.7512920e-01
  1.6724622e-01
 -1.9991571e-01
  2.2000988e-01
  6.0713023e-02
  1.5126076e-01
 -1.6090453e-02
 -2.7600227e-02
  2.0761701e-01
 -8.9832060e-02
 -2.4598838e-01
  4.8906170e-02
  2.2051999e-02
  7.3542625e-02
  8.9621955e-01
 -4.9857938e-01
  7.1995878e-03
  1.7606708e-01
  2.9526392e-01
 -4.6509579e-01
 -3.4820220e-01
  9.3660265e-01
  5.3792864e-01
 -1.9692492e-01
 -8.5125595e-01
 -4.4887093e-01
  6.3647889e-02
  7.1692906e-02
  3.1482705e-01
 -3.6731765e-01
 -4.9006063e-01
  2.8102085e-01
 -1.0106109e-01
  1.7486076e-01
 -5.1571813e-04
 -4.2713916e-01
  7.0844561e-02
 -2.3731206e-01
  2.8417054e-01
 -1.9119890e-01
  7.2609723e-02
 -2.1180723e-04
  3.9972991e-02
 -2.2095123e-01
  5.0769996e-02
 -1.5122542e-02
  9.4200015e-02
 -3.6098082e-02
  1.4763701e-01
  2.9726738e-01
 -1.6841832e-01
  1.4777909e-02
 -1.6846478e-02
 -6.2718528e-04
 -1.4273238e-01
 -7.0334524e-01
  8.5137352e-02
  6.9061597e-03
 -7.8226246e-02
 -4.5670692e-02
 -9.6267052e-02
  7.5472377e-02
  4.0290166e-02
  6.2589392e-02
 -9.8077238e-02
 -1.5427093e-01
 -4.4917509e-02
 -2.3343097e-02
  1.3288029e-01
 -2.3333801e-02
  1.9438596e-03
 -1.2061721e-01
  1.9819121e-01
  3.8479749e-02
 -1.6765549e-03
 -1.4870413e-02
 -1.9766280e-02
 -1.2451161e+00
  3.3123514e-01
 -2.4034387e-01
 -3.8723730e-02
 -4.6044193e-02
  1.5841117e-02
  1.9588701e-02
  1.5446338e-01
 -1.7338131e-02
 -3.3847559e-02
  7.9928122e-02
  1.8484962e-01
 -1.6354884e-01
 -1.1107553e-01
  1.5225422e-01
  1.9978799e-01
 -9.9842511e-02
 -1.4469889e-01
 -2.6875818e-02
  2.7956156e-02
  5.0922342e-02
  5.2531539e-03
  4.2166531e-02
 -1.1961902e-01
  6.4378686e-02
 -9.6430577e-02
 -2.1660842e-03
 -3.7930794e-02
 -1.5642850e-01
  6.9616064e-02
 -9.0043992e-02
  1.7750065e-01
 -5.3381633e-02
 -1.0690060e-01
  1.0434940e-01
  8.6884901e-02
 -1.0602392e-01
  1.1304700e-02
 -2.6081914e-01
  7.2667212e-03
 -6.1942909e-02
 -9.8753631e-02
 -1.2098679e-01
  6.0291942e-02
 -1.3789641e-02
 -6.4719677e-02
 -3.3058342e-02
 -1.4579566e-02
 -4.4303406e-02
 -4.5194138e-02
 -1.4783500e-01
 -1.2283995e-03
  1.5130654e-01
  7.7391192e-02
  4.7885802e-02
  8.6201236e-02
 -4.4885829e-02
 -1.4261842e-01
  1.0664648e-02
  1.1351948e-01
  2.3589756e-02
 -2.8555004e-02
 -1.5630162e-01
  2.1909600e-02
 -1.4612212e-02
 -4.6777762e-02
  6.5355457e-02
 -1.0024935e-01
 -1.4072964e-02
 -4.9762201e-02
 -3.9262101e-03
  5.1394613e-03
 -1.0709755e-01
  3.9669409e-02
  1.0055243e-01
  8.8601254e-02
 -1.3605102e-02
 -2.6793563e-01
  1.6722472e-01
 -6.7699865e-02
  7.5978618e-03
 -3.1851676e-01
  8.3077438e-02
 -1.1589339e-01
 -1.1384979e-01
 -1.7773847e-01
  9.6625434e-03
  8.1420638e-02
  1.1813090e-01
  8.5128665e-02
 -2.4544915e-02
 -9.7312219e-02
  1.5477481e-01
 -3.5778154e-02
 -5.8365867e-02
  1.2356252e-01
 -8.9878894e-02
 -3.8434442e-02
  9.6607223e-02
 -1.0612894e-01
  9.6350051e-02
 -8.7645352e-02
 -5.5709273e-02
 -2.0017855e-02
 -3.5900168e-02
  2.6339622e-02
  4.5448981e-02
  1.9786401e-02
 -4.9785677e-02
  7.4641488e-02
 -9.0894677e-02
  2.4674626e-02
 -3.8359737e-01
  2.5700071e-01
 -5.7337195e-02
 -1.3687733e-01
 -7.9133064e-02
  1.8683122e-01
  2.4269293e-01
 -2.0415358e-01
 -1.5132277e-01
  1.1926810e-01
  2.9881305e-01
  1.5983784e-01
 -5.3788964e-02
  8.8337868e-02
 -2.8946945e-02
  1.3127552e-01
  6.4733946e-01
 -2.3957992e-01
  5.5672724e-02
  5.9982002e-02
  1.4655261e-02
  1.6760412e-01
 -1.8107550e-02
  6.7857668e-02
 -2.2306368e-01
 -7.3611803e-02
  2.1379339e-02
  1.5826972e-02
  5.4963395e-02
 -6.0130530e-03
 -1.2338490e-01
  6.4420462e-02
  4.8214816e-02
  3.3300277e-02
 -5.3673115e-02
  3.0378416e-01
 -2.2429505e-01
  4.3910127e-02
  4.7451999e-02
  9.4164826e-02
 -1.9326523e-01
 -1.2661614e-01
  1.2802075e-01
  2.1181399e-01
 -1.0844021e-01
 -2.4294752e-01
  4.6128348e-02
  1.2324067e-01
  4.0897939e-02
  1.9731103e-01
 -6.7635305e-02
 -5.8774334e-01
  5.6315776e-02
 -2.0375855e-02
  2.9038470e-02
  7.3137097e-02
 -2.5371286e-01
 -7.2877117e-02
 -1.9874164e-01
  1.5200292e-01
  1.2713914e-01
 -2.8771566e-02
 -1.6569503e-02
  8.4278155e-03
 -9.7533941e-02
 -1.0207494e-02
  6.6469871e-02
  1.1276949e-01
  2.7646495e-02
 -6.6492200e-02
 -7.2092168e-02
 -6.7404412e-02
 -5.6702853e-03
 -8.7407351e-02
  3.0456451e-01
 -1.1139706e-02
 -4.4170067e-02
 -9.8455735e-03
 -5.6774542e-02
 -3.4563266e-02
  8.5134313e-02
  9.1041729e-02
  1.2525885e-01
 -2.5781307e-02
  2.8370898e-02
  1.1523905e-01
  3.3607204e-02
 -9.3886384e-04
  4.5911934e-02
  9.9307738e-02
 -5.6623489e-02
  2.5341347e-02
  2.0577049e-02
  7.2171758e-03
 -8.6547807e-02
 -1.4325570e-02
 -3.9538089e-02
 -2.3555150e-02
  1.8967019e-02
 -8.8879772e-02
  5.7519890e-02
 -1.1595864e-02
  6.8021500e-03
  2.3293706e-02
 -1.6608419e-02
  5.8515263e-01
 -2.2944659e-01
  7.0419103e-02
  1.2883605e-01
  1.9279444e-01
 -2.2759812e-01
 -2.5291178e-01
  1.3902782e-01
  2.9939982e-01
 -1.0425964e-01
 -2.8707862e-01
 -2.0642892e-01
  5.2862987e-02
  6.8952076e-02
  1.2835407e-01
 -2.4849887e-01
 -2.9490566e-01
  1.4789303e-01
 -3.2989930e-02
  6.8233714e-02
  1.7033385e-02
 -1.5671961e-01
  5.0053921e-02
 -1.3111559e-01
  1.1180024e-01
 -7.2477154e-02
 -3.2922108e-02
 -1.8565144e-01
 -9.3608089e-02
  4.3304890e-02
  8.9001380e-02
 -5.3512612e-03
  1.3458340e-01
 -3.1440318e-02
  2.0882358e-01
  2.8665358e-02
 -2.4376395e-01
 -4.0029172e-02
 -1.3471558e+00
  2.0330332e-03
 -3.7742030e-02
 -7.7951315e-04
 -1.8881962e-02
  1.4176441e-02
 -4.5693725e-02
 -9.6844912e-02
  1.9954812e-02
 -1.7587770e-02
  6.3521490e-02
  6.8534873e-02
  8.9138567e-02
 -7.3233649e-02
 -2.8241443e-02
 -8.8891059e-02
  6.4209022e-02
  4.2815231e-02
  1.7560193e-02
  4.5020752e-02
 -6.3341260e-03
 -4.2997885e-02
  7.7767588e-02
 -1.5388167e-02
  6.9766760e-02
  7.9351351e-02
 -5.4297965e-02
  2.1675963e-02
  3.3904426e-02
 -2.6694184e-02
 -1.1027931e-01
  1.0843571e-01
  3.8345624e-02
  4.3100134e-02
  2.1118732e-02
 -3.8230184e-02
 -3.0045173e-01
 -5.1317453e-02
 -9.7225972e-02
 -5.0796144e-02
  7.1285762e-02
 -1.1920176e-02
  8.5076943e-02
 -2.3271391e-02
  4.4630684e-02
  1.2175987e-01
 -5.1969481e-03
  6.5747723e-02
 -5.9261145e-03
 -1.8281398e-02
 -1.0364787e-01
  3.7931129e-02
 -8.1144139e-02
  1.0681832e-02
 -4.1708406e-02
  5.4160622e-03
 -4.0134203e-02
 -5.5774443e-02
  1.2899716e-01
 -4.9165967e-01
 -3.9076742e-02
  2.5114411e-02
 -6.1962076e-02
 -8.2804048e-03
 -3.0135546e-02
 -3.8094053e-03
 -2.1890139e-02
  4.2151920e-02
 -5.7610940e-02
  6.1811015e-02
  1.1791273e-01
 -4.2575028e-02
 -7.1083911e-02
 -1.4575565e-02
 -8.2089230e-02
  7.7480592e-02
 -2.9366381e-02
  6.0075170e-01
  7.0698783e-02
 -6.0590517e-02
 -3.0289575e-02
 -5.3091928e-02
  4.9400155e-02
 -9.1159949e-03
 -1.4916489e-01
 -9.5632292e-02
 -1.0390539e-01
 -3.8527980e-02
 -7.3819838e-02
  1.0846457e-02
  1.5905868e-02
 -8.1661634e-02
 -3.3794567e-02
 -8.3360606e-01
 -1.8498804e-02
  1.9848910e-01
  1.1232363e-01
  1.0713843e+00
  7.5056389e-02
  1.0526559e+00
 -1.0591242e-01
 -6.1622190e-01
 -2.2169387e+00
 -5.3412944e-01
  7.1026260e-01
 -7.2945721e-02
 -2.6735568e-01
 -2.3776922e-01
 -3.2276610e-01
 -1.4076154e+00
 -1.0505530e+00
 -9.7858363e-01
  6.6995180e-01
 -7.6692110e-01
  1.1827211e-01
 -1.2979268e+00
 -1.9477900e+00
 -4.4052640e-01
 -4.6630552e-01
  1.2154729e-01
  4.9626777e-01
  9.1957277e-01
 -8.1138319e-01
  2.2975785e-01
 -9.1696668e-01
 -9.1260053e-02
  1.9706583e-02
  1.7886013e-01
  1.3500115e-01
 -1.5912350e-01
 -6.4863920e-02
 -1.8702960e-01
  4.3804172e-02
 -1.0044211e-02
  7.0062704e-02
  1.5773367e-02
  2.1097656e-01
  3.3319872e-02
 -3.9013047e-02
  5.6268591e-02
  1.1539817e-01
  2.2297725e-02
  5.9579954e-02
 -1.9183932e-01
 -1.4235762e-01
 -2.1903096e-02
  1.3383250e-02
  2.6751436e-02
  2.9715246e-02
 -2.4592586e-02
 -7.9890871e-03
 -3.6918120e-03
 -6.6769104e-03
 -4.3947600e-02
 -6.2791519e-02
 -5.9422785e-01
 -2.1541096e-02
 -4.5890948e-03
 -4.9367934e-02
  2.1433428e-02
  1.0176331e-01
  6.0017411e-02
  4.2959753e-01
 -2.9093617e-01
  2.1078707e-01
  1.1120016e-01
  7.6456660e-01
  5.5538461e-02
  3.0410814e-01
 -2.0132143e-02
  3.4604529e-03
 -2.9621848e-01
 -1.5458515e-01
  1.5913518e-01
  1.9691306e-01
 -1.5480588e-01
 -1.7774583e-01
 -4.6168223e-02
  2.7475488e-01
  2.4685399e-01
  1.6765240e-01
 -1.3773909e-01
 -1.7841461e-01
  2.6005495e-01
  5.6936331e-02
  1.6229933e-02
 -1.9780124e-02
 -6.5439597e-02
 -5.9983963e-03
 -8.0016069e-02
 -5.8005717e-02
  1.3658080e-01
  4.4963828e-01
 -4.6239141e-01
  5.0114367e-02
  4.7211487e-02
  4.5455180e-02
  1.1903381e+00
 -3.4792295e-01
  1.7278905e-01
  1.8045985e+00
  3.3024409e-01
 -1.4305267e-02
  3.4336406e-01
  6.9637649e-02
  1.1740799e-01
 -2.4689303e-01
 -2.0821126e-01
  1.7586464e-01
  3.7828988e-01
 -2.9537013e-01
  1.9592719e-02
 -1.9725893e-01
  2.0552510e-01
  3.5951316e-01
  2.0717403e-01
 -1.8733855e-01
 -1.9960532e-01
  1.4532028e-01
  3.1999335e-01
  1.1666841e-01
 -9.7958237e-02
 -7.7608749e-02
  3.0222170e-02
 -1.5877785e-01
  1.1601984e-01
 -8.9396246e-02
  6.0851974e-03
 -1.5424320e-01
 -1.1750802e-01
 -1.2928396e-02
  5.6787036e-02
 -2.1789940e-01
 -5.6161499e-01
  6.8596625e-01
  7.9803476e-03
  1.2849724e-01
 -9.6367493e-02
  1.9928455e-01
  7.2838925e-02
 -4.9472667e-02
 -5.6961413e-02
 -2.4537126e-02
  3.1785078e-02
 -2.6774399e-02
 -6.3001469e-02
 -4.0113736e-02
  1.8843578e-01
  1.6687264e-01
  3.1918263e-01
  1.5403478e-01
  6.6169560e-02
  3.0417624e-01
  5.2922651e-02
  4.3321133e-02
  1.4589126e-01
 -7.2560102e-02
  3.4752754e-03
  5.7702415e-02
 -7.2809443e-02
  1.1635587e-01
 -1.2451804e-01
  1.2831461e-01
  3.5917610e-02
 -3.1731028e-02
 -1.3644205e-01
 -3.3685550e-02
  1.0970189e-01
  3.2537125e-02
  1.5976109e-01
  5.4067127e-02
 -6.8406123e-01
  6.4161941e-03
 -1.6482642e-01
 -1.3835071e-01
  2.2456119e-02
  8.3990917e-02
  8.0514073e-02
 -5.8630310e-02
 -1.6018000e-01
  3.3226471e-02
  2.2670738e-03
  7.2751589e-02
 -2.5997433e-01
 -8.7431811e-02
  9.9142857e-02
 -4.0199238e-01
  1.4513299e-01
  2.5408072e-02
 -1.9325031e-01
 -6.1673743e-01
 -1.1329501e-02
  2.2767195e-03
  1.6858360e-02
 -7.3617985e-03
  9.3918994e-02
  6.8893414e-03
  1.0390661e-01
 -9.1577254e-02
 -9.8147604e-04
 -3.9245695e-02
  2.1020502e-02
 -2.5086406e-01
 -1.0813430e-01
  3.6064517e-01
  3.1669539e-01
  2.7119181e-01
 -3.6841735e-02
  2.3920448e-01
  2.4336694e-01
 -1.3557687e-02
 -8.1354104e-02
 -1.1113996e-01
  9.9875584e-02
  8.7021507e-02
 -1.7963609e-01
 -1.3839609e-02
 -2.4893934e-02
  9.6979164e-02
  2.6587161e-01
  5.5849008e-02
 -2.1556139e-01
 -1.9736938e-02
  2.1282945e-02
 -1.2389481e-03
  2.1772724e-02
 -1.0344188e-01
  4.9231738e-02
  5.6850996e-02
 -1.2484976e-01
 -6.4963676e-02
 -1.4857465e-01
 -3.0669622e-02
 -1.1864820e-01
 -2.0245896e-04
 -1.3703202e-01
 -7.7477627e-02
  4.4071674e-02
 -8.3017617e-02
 -1.9206412e-01
 -8.5621193e-02
 -9.1137528e-02
 -1.1703757e+00
 -6.3679866e-02
 -1.0150753e-01
 -3.3922318e-02
  8.3387151e-02
  8.8121057e-02
 -9.7323477e-02
 -4.2343803e-02
  3.0992951e-02
  1.9320323e-01
 -3.2209944e-02
 -5.5042360e-02
 -9.8665588e-02
  8.5475393e-02
 -1.5108422e-02
  8.6676255e-02
  9.8454878e-02
  9.3999255e-04
 -4.6504244e-02
  5.0878495e-02
  1.3561952e-02
 -1.2093265e-02
 -1.5760122e-01
 -3.1043625e-01
  9.3314186e-02
  1.9040647e-01
 -3.5598878e-02
  6.8447255e-02
 -5.5307150e-02
  1.6116223e-01
 -4.8073593e-01
 -3.9908344e-01
  2.9027611e-01
  1.5149000e-01
  3.8089395e-01
  1.2772131e-01
  2.1535623e-01
  1.6602355e-01
  6.2635518e-03
 -1.5781532e-01
 -3.9364284e-01
  5.4624133e-02
  2.1266972e-01
 -2.6475829e-01
  3.7575278e-01
  7.3470078e-02
  1.6591650e-01
 -4.9938578e-02
  1.1076018e-01
 -2.0766126e-01
 -1.1326762e-01
  9.1513380e-02
 -5.3992711e-02
  1.0996500e-01
 -1.2514336e-01
 -1.4239517e-02
 -4.9514689e-02
  3.5641491e-02
 -6.0811233e-02
 -1.6776919e-01
 -2.7368162e-02
  8.5454151e-02
  6.4033888e-02
  1.3548089e-04
  3.7285469e-02
  2.0282140e-01
  1.5743293e-01
  1.1475569e-03
  1.9876618e-02
 -7.5651884e-02
 -2.0350404e-02
 -6.4298324e-02
  2.9358295e-01
 -2.2989675e-02
 -3.5747450e-02
  1.0087382e-01
 -3.0922568e-03
 -4.5860264e-02
 -1.0571460e-01
  2.3676978e-02
  1.6754939e-01
  7.7370659e-02
  3.0134071e-02
 -5.9924234e-02
 -5.1886594e-01
 -8.7413661e-02
 -4.7197398e-02
  2.4386141e-02
  7.9820804e-02
  6.3422516e-02
 -4.5766577e-02
 -6.2351719e-02
  2.0103956e-02
  1.0202222e-01
  9.9691845e-02
 -5.4292038e-02
  5.2318215e-01
 -5.8012228e-02
 -6.0753517e-02
 -1.2244671e-01
  5.0408386e-02
  1.5090929e-02
  1.0094298e-01
 -2.2340845e-01
  4.0390171e-02
  1.7106831e-02
 -8.1048813e-03
 -4.0988389e-01
  2.6203159e-02
 -8.8636354e-02
  5.1009983e-02
 -2.2551814e-02
  2.4429908e-01
 -1.0319706e-03
 -1.7138958e-01
 -1.3223359e-01
  2.7304040e-02
 -5.1671762e-02
  7.7588432e-02
 -1.4951658e-02
  1.6504030e-01
  7.6058283e-02
  8.2473747e-02
 -7.6519333e-02
 -5.3965058e-03
  1.3257445e-01
  2.5300466e-02
 -1.1712307e-01
 -3.8030349e-02
  1.9740196e-02
  5.0317451e-02
 -1.8444018e-02
 -4.1918300e-02
 -1.2436744e-01
 -8.9065865e-02
 -5.5447990e-01
 -9.9034309e-01
  5.0036323e-01
  2.0087403e-01
  6.1244100e-01
  6.6609070e-02
  3.3672923e-01
  3.5227361e-01
 -1.4112755e-02
 -5.0903505e-01
 -5.0640339e-01
  2.8443688e-01
  5.1518482e-01
 -5.1942223e-01
 -1.7671891e-01
 -2.4124996e-01
  1.0119020e+00
  5.0500244e-01
  1.1761059e+00
  7.4828053e-01
 -2.1522564e-01
  2.0995016e-01
  1.5082444e-01
  3.8537210e-01
 -1.6100371e-01
 -5.6719080e-02
  2.1371722e-02
 -1.3113243e-02
  8.6360663e-02
 -1.1018144e-01
 -2.7059036e-01
  5.3254474e-02
 -3.8184214e-02
  5.0316818e-02
  4.0739514e-02
  3.2073131e-01
  9.1414616e-02
 -1.6651839e-01
 -8.2937695e-02
 -3.3969387e-01
 -6.0563594e-02
 -4.3407448e-02
 -1.1071289e-02
  1.4949004e-01
  7.8942560e-02
  2.3990962e-01
 -6.4225279e-02
 -1.1471399e-01
  1.2615973e-01
  1.5596095e-02
 -4.5059863e-02
 -1.0333247e-01
 -2.2014467e-01
 -5.9963644e-02
  1.3607615e-02
 -1.0555352e-02
 -5.2603602e-01
 -2.1772271e-02
  1.0876445e-01
  8.0694832e-02
 -9.6752465e-02
  1.3711709e-01
  2.1941152e-01
  1.7104723e-02
  6.3518048e-03
 -1.0014611e-01
  2.7674912e-03
 -3.7607636e-02
 -1.0798374e-01
 -1.8762840e-01
 -1.1854444e-01
 -3.0123696e-02
 -1.8193622e+00
 -4.6069298e-02
  2.8553840e-02
  8.2442157e-02
  5.4475565e-02
  3.3913463e-02
 -1.0410286e-01
  2.0371062e-01
 -6.2632956e-02
  7.3969170e-02
  5.0181397e-03
  2.2243382e-02
  2.0896652e-01
  2.0442378e-02
  1.1088446e-02
 -4.4427924e-02
  1.3421963e-01
  4.8510139e-03
 -9.8555341e-02
  1.5891781e-01
 -3.3141438e-02
  3.4680349e-01
  9.1413051e-02
 -1.0564143e-01
 -3.8111325e-02
  2.5644325e-02
  2.0956323e-02
 -4.2387716e-02
  1.7182001e-01
  2.4152210e-02
 -1.0125202e-02
 -4.1939840e-01
 -1.0580935e-01
  2.3011149e-01
 -1.8815197e-02
 -2.1274263e-01
 -2.1585980e-01
 -2.7237129e-01
 -4.3072832e-01
 -1.4036646e-01
  8.7707132e-02
  4.6211943e-02
  1.2376615e-01
  2.2338139e-01
 -1.6752629e-01
 -2.7724126e-01
 -3.2321191e-03
  1.1351065e-01
  1.1399382e-01
 -1.7691925e-01
 -9.9330455e-02
  9.9042904e-01
  1.4161934e-01
  1.1783919e-01
 -3.5170504e-01
  1.0516165e+00
 -1.3683447e-01
  1.0908400e-01
  2.6915343e-02
  1.3606213e-01
  6.9160022e-02
 -1.0574056e-02
  3.1204355e-01
  2.4948889e-02
 -1.2430595e-01
 -7.8140837e-01
  1.0307714e-02
 -4.3579075e-02
  2.7967429e-01
  3.5192770e-01
 -3.9625111e-01
  5.9612649e-03
 -7.3997140e-01
  1.8277050e-03
 -3.3792281e-01
 -1.9170532e-01
  6.0632642e-02
  2.8238240e-01
  1.8848193e-01
 -1.5922612e-01
 -1.3970700e-01
  2.6171846e-02
 -1.0800259e-02
  2.0264323e-01
 -1.3858503e-01
 -1.6540110e-01
 -1.3322893e-01
  1.5699768e-01
  1.5374790e-01
 -1.3729908e-01
 -8.8799298e-02
 -1.3685836e-01
  1.6805018e-01
  1.0817820e-01
  1.1443580e-01
  2.0183444e-02
  7.4057914e-02
 -3.3084236e-02
 -3.3087446e-03
  1.5100692e-01
  3.3491407e-02
  4.7980707e-02
 -1.5681557e-02
 -1.7233701e-01
 -2.0173287e-01
  1.4866780e-01
 -7.9664320e-01
  2.2611521e-01
  1.9615689e-01
  2.5278056e-01
  1.8727507e-01
 -7.3705487e-02
 -2.0999549e-01
 -6.5162420e-02
  1.0157043e-01
  7.1890064e-02
 -2.6072115e-01
  4.4224383e-03
 -8.6661562e-02
  2.4268305e-01
  8.4484652e-02
  1.6430947e-01
 -1.0720278e-01
 -9.0315966e-03
 -1.3681509e-01
  8.5811652e-02
  1.5654986e-01
 -6.7240432e-02
  4.1251943e-02
  8.3666727e-02
 -7.2421499e-02
 -2.1596637e-02
  9.5533282e-03
 -1.8497536e-02
  1.7374521e-02
 -1.9879373e-02
 -4.5162819e-02
  8.4376894e-02
 -1.2592003e-01
  4.2645745e-03
 -1.1975426e-03
  3.6150556e-02
  1.0309077e-02
  3.7348129e-02
 -1.2038393e-01
  6.2789626e-02
  7.0760213e-02
 -5.2666152e-01
  4.9701706e-02
 -2.5318595e-02
 -1.0350645e-01
 -4.0547762e-02
  1.8184746e-02
  6.8992712e-02
  8.7693587e-02
  3.5100993e-02
  7.9894565e-02
  2.1015702e-02
  7.3156916e-02
 -9.1842435e-02
  2.3341434e-02
 -1.6429058e-01
 -2.2158012e-02
  6.0883351e-02
 -2.9002741e-01
 -6.0308375e-03
  1.6330001e-01
 -2.0495653e-01
 -8.4297627e-02
  2.4444379e-02
 -9.2595346e-02
  9.5432237e-02
 -2.3614254e-02
  7.1901172e-01
  6.8145925e-01
 -4.0699655e-01
 -2.9023018e-01
 -5.3686512e-01
  1.3944934e-01
 -2.5957906e-01
 -1.4336151e-01
  1.0312946e-01
  2.7635893e-01
  4.9230453e-01
 -2.8905201e-01
 -1.1303390e+00
  5.0242460e-01
 -4.0200062e-02
  4.0213548e-02
 -2.2508547e-01
 -6.8923563e-01
 -2.1486935e-01
  6.8159387e-02
  2.7546772e-01
  6.6008128e-02
 -2.4931006e-01
 -3.9194697e-01
 -1.6197075e-01
 -4.5854077e-02
  1.4521939e-01
  5.9030574e-02
  6.4837880e-02
  1.5702406e-01
 -1.3150913e-02
  1.8368964e-01
 -3.9405439e-02
  1.0342954e-01
  7.9816401e-01
 -3.6821666e-01
 -2.6250312e-01
  2.8269681e-01
  3.2108662e-01
  4.0860921e-01
 -3.8319744e-02
  1.3232274e-01
  2.6024917e-01
 -4.4742439e-02
 -3.2432932e-01
 -4.0423378e-01
  9.4837123e-01
  3.3474931e-01
 -2.7809778e-01
 -2.3844855e-02
 -3.0012763e-01
  1.6729723e-01
  2.6199350e-01
  1.0727388e-01
 -1.0495087e-01
 -8.7480403e-02
  2.8896863e-02
 -2.2358699e-02
 -8.3290309e-02
 -1.6731654e-01
  3.2611076e-02
 -1.4344788e-01
 -7.0864215e-02
  5.0608497e-02
 -1.3390107e-01
 -3.6728848e-02
  3.1031791e-02
 -2.5657665e-02
 -1.2655883e-02
 -1.0782621e-01
  5.9099913e-02
  1.4738274e-01
 -4.2170551e-02
  5.3659994e-02
 -1.1236732e-01
 -9.3455411e-02
 -7.2107394e-03
 -1.3610575e-01
  1.3903357e-01
 -1.1981960e-01
  9.4522908e-02
 -1.9203159e-01
 -9.2239037e-02
  8.8526949e-02
 -2.3099946e-02
 -9.5651038e-03
  2.0265079e-03
  3.4366440e-02
 -9.9215202e-02
  3.7808750e-02
  9.1073764e-03
  3.9877843e-02
 -1.5416825e-02
 -2.6766516e-02
 -2.0744379e-01
 -1.4089550e-02
  6.5422669e-02
 -1.2916626e-01
  1.0542450e-01
  2.4194548e-02
 -1.7617030e-02
  7.4571244e-02
 -4.5330722e-02
  7.7720791e-02
  1.4716436e-01
 -3.0555557e-03
 -9.7222351e-02
 -1.6709939e-02
  7.7998899e-02
  9.1419213e-02
 -1.0572463e-01
 -4.7109272e-02
  1.2059609e-01
  4.3359189e-04
 -5.8160916e-02
 -1.5970627e-02
 -1.0129041e-02
  7.5630218e-02
 -3.7845924e-02
  3.5352003e-02
 -1.0474462e-01
  1.8330174e-02
 -9.7762130e-02
 -2.0813407e-02
  2.9730970e-02
 -4.0461380e-02
  4.7117374e-03
 -6.7707330e-02
  3.7764516e-02
 -4.5148876e-02
 -3.2325774e-02
 -6.2863573e-02
  5.7747882e-02
 -9.4796963e-02
  5.1248919e-02
  5.4838482e-02
  1.6212491e-02
 -1.8396344e-03
  9.0879574e-02
 -4.0441696e-02
  1.5971823e-01
  9.9605188e-02
 -2.8762290e-01
  3.3965930e-02
 -3.7005025e-01
 -8.4564969e-02
  6.2943086e-02
 -1.3712269e-01
 -5.0832167e-02
  3.5528678e-01
  2.0497938e-01
  1.6066167e+00
  4.5402471e-02
  2.5132835e-01
  2.4206142e-01
  1.1217222e-01
 -6.9670513e-02
 -3.1225991e-01
 -2.9912880e-01
  1.9203106e-01
  9.9118903e-02
  1.4285492e-02
 -2.1918441e-01
 -4.8969325e-02
  2.4111522e-02
 -6.9070116e-02
  4.0772229e-02
 -8.9216873e-02
 -8.8419147e-02
  4.2286184e-02
  8.2957737e-02
 -6.9513535e-03
 -2.5318289e-02
 -6.5189488e-02
  4.4611029e-02
  9.4317001e-01
  6.8365973e-01
 -1.1208173e+00
 -2.9207918e-01
 -1.6208587e+00
 -1.0734091e-01
 -5.2651364e-01
 -7.0397544e-01
  2.6967427e-01
  9.9705529e-01
  2.6378739e-01
 -5.9285825e-01
 -5.5013806e-01
  6.7604375e-01
  1.1826085e+00
  3.6342317e-01
  3.1025939e-02
  6.5026611e-01
 -3.5222682e-01
  1.0487854e+00
  3.3010718e-01
 -3.1082362e-02
 -2.5127834e-01
 -1.7033763e-01
 -4.5549560e-02
 -2.4170393e-02
 -5.1177116e-03
  2.0109810e-01
  1.0410378e-01
  1.1159939e-01
 -1.1417656e-02
 -4.5451410e-02
 -7.8215629e-02
  2.2093426e-02
  3.3451926e-02
  4.5150024e-01
  4.5957541e-01
 -3.9710081e-01
 -2.8761664e-01
 -6.2211388e-01
 -2.7207917e-02
 -2.5198004e-01
 -3.2421991e-01
 -9.8788668e-04
  5.6336945e-01
  5.0788069e-01
 -6.4441644e-02
 -4.1444632e-01
  3.7599075e-01
  2.4144615e-01
  1.7235473e+00
 -1.8852861e-01
 -1.9283685e-01
 -1.4798260e-01
  1.6246237e-01
  2.0662129e-01
  1.9757634e-02
  8.7689050e-03
 -1.4500266e-01
  8.4593274e-02
 -1.5401307e-02
  1.2023044e-01
  8.8739172e-02
  1.0230734e-01
  1.3629058e-01
 -9.7411528e-02
  1.3794065e-01
 -5.6980219e-02
  9.4313301e-02
 -4.5543170e-01
  1.0662315e-02
 -2.7364016e-01
 -6.8807438e-02
 -3.7010238e-03
 -2.1506019e-01
  2.4073521e-02
 -3.2046534e-02
 -5.3318728e-02
  8.8225111e-02
  4.7413021e-02
  9.2700213e-02
 -1.0542034e-01
 -1.3077252e-02
  1.5190497e-01
  4.9207702e-02
  9.0243205e-02
 -9.0206943e-02
 -7.1207181e-02
 -9.8633289e-02
  1.2850535e-01
  1.6366504e-01
  4.7224782e-02
 -2.5369221e-02
 -3.0216424e-02
 -2.1825310e-02
  8.1356265e-02
  8.5102040e-03
  5.1374149e-02
 -1.9048268e-01
  1.5326273e-03
 -7.7489883e-02
 -2.4741117e-03
  8.9383803e-02
 -4.9529217e-02
  2.8816570e-02
 -7.0569527e-01
 -4.2941922e-01
  3.0740654e-01
  3.7975749e-01
  5.8269989e-01
 -1.1436201e-01
  4.2178944e-01
  2.0457889e-01
  5.1650280e-01
 -4.4996530e-01
 -5.7847339e-01
  3.1328535e-01
  3.8051403e-01
 -4.1819572e-01
 -1.3870513e-01
 -1.9011769e-02
  5.6313038e-01
  2.9939026e-01
  3.2758030e-01
 -2.5614774e-01
 -1.0484363e-01
 -1.0563606e-02
  3.2745832e-01
  3.4210402e-01
 -1.0489723e-01
 -1.4130829e-01
 -4.0844884e-03
 -1.9108856e-01
  4.7947694e-02
 -9.5894739e-02
  1.8126262e-02
  8.0942184e-02
 -6.3565977e-02
 -6.2993407e-02
  1.5113647e-01
  1.2372994e+00
  6.0492033e-01
 -6.1442184e-01
 -5.9810340e-01
 -1.1598519e+00
 -2.6707843e-02
 -4.2795190e-01
 -3.6930364e-01
  6.0100511e-02
  8.7576288e-01
  6.3643163e-01
 -1.0920873e+00
 -4.1138640e-01
  6.9003105e-01
  8.8469195e-01
  2.9286778e-01
 -8.0674314e-01
 -1.2807204e-01
 -8.8248211e-01
 -8.2185842e-02
  3.0563307e-01
 -2.8474829e-01
 -5.5002035e-03
 -6.0490179e-01
  5.1714963e-01
 -1.1170228e-01
 -1.6743977e-01
  2.5663215e-01
 -8.0521524e-02
  8.3742566e-02
 -1.4844052e-02
  9.9659997e-01
 -9.6779294e-02
 -4.3564409e-02
 -1.5406963e-01
 -3.5770070e-03
 -2.4414578e-02
 -2.6356816e-01
  1.0948729e-01
 -2.4378368e-01
 -2.2872232e-04
 -6.1590768e-02
  2.6197204e-01
  2.4367569e-02
  1.6117759e-01
  2.0024349e-01
  5.8370743e-02
 -7.5530246e-02
  2.8162253e-01
  1.0578492e-01
  1.3148038e-01
 -2.1191782e-01
 -1.7444000e+00
  2.5496859e-02
  1.5190609e-01
  9.2052802e-02
  9.4910711e-02
 -3.3280365e-02
 -6.5613538e-02
  1.2268125e-01
 -9.8091297e-02
  9.5441192e-02
  3.0998854e-02
 -9.1847040e-02
 -1.7759448e-02
 -3.6811548e-01
 -7.9329208e-02
 -1.7464234e-01
 -5.4412756e-02
  1.0743302e-01
 -5.3744894e-03
  8.3239675e-02
 -1.0480746e-01
  4.1474313e-02
  4.6669084e-04
 -1.5651180e-01
  1.6980036e-01
 -2.6895177e-01
  8.1589438e-02
  7.6675072e-02
  9.7906858e-02
 -1.9363049e-02
 -1.0597697e-01
  9.5097739e-03
  1.1594697e-01
  6.2771954e-02
 -2.0950893e-01
 -9.7896822e-02
 -2.0124970e-02
 -1.2321426e-02
  2.9282145e-02
 -9.1906548e-02
  1.3310209e-01
  3.5825890e-02
  6.0434765e-01
  4.7513205e-01
 -8.8330291e-02
  1.1852783e-01
 -1.2291411e-01
 -9.7008124e-03
  1.0802882e-01
  2.4795468e-01
  1.8462208e-01
 -1.2543843e-02
  2.9150765e-02
  1.3971351e-01
 -8.2241341e-02
  5.9844460e-02
 -1.2602037e-02
  4.9633989e-01
 -2.0607959e-02
  5.2991740e-02
  2.1101470e-01
 -5.1020938e-01
 -1.3482681e-01
  2.3949405e-02
 -2.8049499e-02
  1.7576523e-02
 -6.9162063e-02
 -1.3670182e-01
 -1.1640295e-01
  2.3685966e-01
  1.3189564e-02
  2.8753048e-02
 -7.9128049e-02
  3.6665602e-03
 -5.2589644e-02
 -5.9768748e-02
 -7.6624595e-02
 -7.2930895e-02
  4.8587654e-02
  2.6943040e-01
 -1.0721858e-02
 -9.2801139e-02
 -3.7636075e-03
 -2.4792652e-03
  5.3872652e-02
  5.4023623e-02
 -1.1222602e-01
 -2.0984292e-01
 -2.5650300e-03
  6.8838477e-02
 -8.6183533e-02
  5.7268250e-01
 -1.2441129e-01
 -1.8524911e-01
  8.9608178e-02
 -2.7348544e-02
  1.8758073e-02
 -2.0538690e-02
  3.6707062e-01
  7.0450447e-02
 -6.8371616e-02
  4.5717013e-01
  4.6710584e-02
  8.1164382e-02
  6.8609470e-01
 -1.5781994e-01
 -3.2744262e-02
  2.1063738e-02
  6.4640008e-02
  4.0741789e-01
  4.6407217e-01
  2.2601210e-02
 -2.5693346e-03
  6.8475522e-02
  7.4053071e-02
 -5.8422908e-02
 -1.7608307e-01
  5.4797542e-01
  3.2868522e-01
 -9.9697572e-01
 -9.6892917e-01
 -6.1485004e-01
  3.4274539e-01
 -7.3693043e-01
  2.9852164e-01
 -9.9327260e-01
  2.1981190e-01
  8.9708373e-02
 -2.0928330e+00
  6.1978000e-01
 -9.5988914e-02
  6.7471313e-01
  8.0510938e-01
 -7.3883116e-01
 -1.0568772e-01
  1.8140231e+00
 -9.6916091e-01
  1.2106107e-01
 -3.0318603e-01
  9.2381924e-01
  2.8926787e+00
  1.6951374e+00
  2.0996454e-01
 -1.7053787e+00
  2.7830088e+00
  6.5705210e-01
  3.1626719e-01
 -2.8194577e-01
  6.2240767e-01
  1.6037518e-01
  1.4292861e+00
 -2.9168600e-01
 -4.2827463e-01
 -2.0163445e-01
  1.3461524e+00
  1.2429653e+00
  1.3042386e+00
 -1.7077013e+00
 -1.3291759e+00
  1.5362692e+00
  1.2322605e+00
  1.1396023e+00
  4.4078705e-01
 -3.5286272e-01
  1.5450107e+00
  7.8236383e-01
  1.7598768e+00
 -3.9366585e-01
 -7.1035695e-01
  1.2802306e+00
  2.8521517e-01
  4.7101331e-01
  1.1280296e+00
 -4.4059183e-02
 -6.9286591e-01
 -4.6318775e-01
 -8.0804962e-01
  2.4758775e+00
  1.3929620e-01
  6.2981611e-01
 -5.4480787e-04
  8.1763601e-01
  3.3848686e-03
 -5.7376003e-01
 -9.0546918e-01
 -1.1864432e+00
  3.1093385e+00
  1.0392457e-01
  2.2967522e+00
 -5.2856410e-01
 -7.4988741e-01
  1.1431600e+00
  1.6834464e+00
  1.4733427e+00
 -4.1344261e-01
  5.5263126e-01
  7.4084580e-01
 -5.0669342e-01
  2.8738773e+00
 -7.4879654e-02
 -8.0782369e-02
  1.3305782e+00
  5.3867090e-01
  1.4918007e+00
 -1.4057277e+00
 -4.5319739e-01
  8.1832397e-01
  7.4982160e-01
 -7.9505771e-01
  3.0396676e-01
 -7.7393308e-02
  8.7474686e-01
 -1.6298715e+00
  1.8902545e-01
  1.4741167e-01
  1.3296451e-01
  4.7567397e-01
  3.0444053e-01
  2.8684132e-02
 -7.7379227e-01
  3.1757256e-01
 -2.7309892e-01
 -3.5154562e-02
 -2.4432407e-01
 -1.0268625e-02
  2.9905781e-01
  9.8545805e-02
 -6.2546693e-02
  1.0848892e-01
 -9.4314158e-02
 -6.0080998e-03
  2.8091162e-01
 -1.4674568e-01
  1.3821773e-01
  6.4859815e-02
 -2.8848180e-01
  2.1449840e-01
 -1.5964411e-01
  8.1664056e-01
 -5.4607965e-02
  3.4933671e-01
  1.5306334e-01
 -2.9830810e-01
 -2.1545488e-01
  6.5676961e-03
 -3.0377331e-01
 -2.3088419e-01
  3.5524765e-01
  1.9789901e-01
  6.3564867e-02
 -3.9072064e-01
 -1.9069223e-01
 -5.3097565e-02
  1.2281307e+00
  2.3965350e-01
 -8.6547166e-01
 -2.9382378e-01
 -1.1030543e+00
  1.3021040e-01
  9.4447112e-01
 -1.4646299e+00
 -6.7465162e-01
  6.8756825e-01
  9.6397942e-01
 -4.9273995e-01
 -7.7901053e-01
  7.0106518e-01
  3.8197240e-01
  6.8679786e-01
 -3.9478835e-01
  4.8366180e-01
 -3.7063989e-01
  3.2911566e-01
  3.6207151e-01
 -2.0312582e-01
 -2.4050421e-01
  7.7702111e-01
  5.7088315e-01
 -1.6628030e-01
  2.3995264e-01
  8.0369197e-02
 -3.9646080e-01
 -6.7639196e-01
  2.5917636e-02
 -6.4866826e-02
  1.3409707e-01
  4.6305570e-01
  3.4367141e-01
  2.8737721e-01
  1.0600486e-01
 -1.2374945e-01
  6.4718895e-02
  4.8957914e-02
  3.2054633e-01
  3.0962314e-02
  1.3892172e-01
  1.6243642e-04
 -1.2367897e-01
 -5.6449600e-02
 -8.4662162e-02
  9.1648944e-02
  1.0202667e-01
 -1.7656533e-01
  9.7006559e-02
  7.3810950e-02
 -1.3278885e-01
 -1.5102267e-01
 -1.7529304e-01
 -1.2834002e+00
 -2.0260184e-01
 -9.1191083e-02
 -1.1844515e-01
 -1.2365316e-02
 -6.8711025e-01
  1.2464839e-01
 -3.3969939e-02
  1.4035110e-01
 -1.3246238e-01
  7.8152329e-02
 -1.5500070e-01
  3.1498268e-02
 -2.0547625e-01
 -1.0143994e-02
 -1.7448367e-01
 -1.0026102e-01
  2.6952612e-01
  2.3312323e-01
  4.1787526e-01
 -2.5552019e-01
  3.0622657e-02
 -1.3068873e-01
 -4.8610410e-01
 -8.7967977e-02
  1.8888738e-02
  7.6042019e-02
  1.0240528e-01
 -4.3345216e-01
 -2.1361887e-01
 -6.0093474e-01
  4.4093546e-01
 -4.1365642e-03
  1.8839289e-01
 -1.3618869e-01
  5.7768140e-02
  1.5165520e-01
 -4.1956428e-01
  1.9079171e-01
 -1.6117929e-01
  8.0727167e-02
  5.4724348e-01
 -6.8763591e-02
 -1.8896820e-01
  4.4697389e-01
  4.4735301e-02
  2.7741113e-01
 -1.0125712e-01
 -2.7392322e-01
 -2.1272485e-01
  2.0042019e-01
 -3.4218514e-01
 -1.3862090e-01
 -2.0367971e-01
  2.5838891e-01
  9.7793296e-02
 -4.3383352e-02
  1.6761163e-01
  1.3375366e-01
  9.7681724e-02
 -1.1014643e-01
 -2.4901243e-01
  9.6127689e-02
 -2.9093805e-01
  5.5733785e-02
 -1.6409092e-01
 -9.6959665e-02
 -9.0397336e-02
 -2.5241879e-01
 -1.7473321e-01
 -4.4480890e-02
 -8.6930476e-02
 -2.2006483e-01
 -3.1373721e-02
  1.1208718e-01
 -1.2001850e-01
  4.3399673e-02
  6.3429192e-02
 -5.8395788e-02
 -1.7596816e-01
  3.8934905e-02
 -1.6832095e-01
 -7.8630723e-02
 -6.4476207e-02
 -8.9967534e-02
  3.0267749e+00
 -2.8995699e-01
 -1.4774545e+00
 -1.5361885e+00
  8.9968032e-01
 -2.0836820e-01
 -1.1005256e-01
 -4.9392647e-01
  4.7066666e-02
 -2.1797767e+00
 -3.2848086e+00
 -1.7898942e+00
 -6.7295271e-01
 -1.4651902e+00
 -1.5025021e+00
 -2.5155509e-01
 -6.0619122e-01
 -3.5560876e-02
 -1.7717763e+00
 -2.0162211e-01
 -2.0456145e+00
 -1.7191447e-01
  8.5804236e-01
 -1.0777414e+00
 -1.3538799e+00
 -1.3168953e-01
  7.0444062e-02
  3.1137906e-02
  5.0551611e-01
 -4.5027621e-02
 -1.2637281e-01
 -8.4895387e-02
  8.8183634e-02
  1.5258467e-01
 -5.3177583e-01
 -8.5201895e-01
 -2.6806030e+00
 -1.6634852e-01
  8.8470906e-01
  1.0123711e+00
  5.1449370e-01
 -5.3780425e-01
  3.5697150e-01
  1.3763203e-01
 -1.7170975e+00
  7.5171165e-02
  2.5853336e-01
 -2.1689066e-01
 -4.8111522e-01
 -2.8574610e+00
  1.7355987e+00
  2.1220495e-01
  1.0579026e-02
  9.4566756e-01
 -1.3545921e+00
  6.4260954e-01
 -1.4381018e-01
 -2.9088381e-01
  4.8660043e-01
 -2.5753763e+00
 -1.0056459e+00
 -2.5486791e-01
 -2.0966090e-01
 -8.7103230e-01
  8.1092840e-01
 -9.6518360e-02
 -9.3211360e-02
 -4.0668927e-02
  4.4104886e-01
  1.6547619e+00
  1.8205240e+00
 -1.2879621e+00
 -1.5121152e+00
 -1.4520347e+00
  3.8758494e-02
 -1.0361156e+00
 -8.6627668e-01
 -1.6770045e+00
 -2.1738939e+00
 -1.3134423e+00
 -1.8451307e+00
 -1.7992973e+00
 -7.6388013e-01
 -6.3257682e-01
  2.0631836e-01
 -6.0839403e-01
 -4.7570357e-01
  2.6321828e-01
 -6.4302254e-01
  4.2304271e-01
 -1.3485883e+00
  1.0915522e-01
  3.1257710e-01
 -7.2837573e-01
  2.1270843e-02
 -9.3354183e-01
  2.2659381e-01
  1.4399444e-01
 -1.2950613e-01
 -1.0060174e+00
  1.1643299e-01
 -1.1364620e-02
  7.6795839e-02
  5.1196754e-01
  4.9834140e-02
 -1.5103475e+00
 -8.8105100e-01
  2.2668704e-01
  7.6988041e-01
 -2.2591361e-01
  2.4144803e-01
 -9.7364247e-02
  5.6588727e-01
 -3.2898486e-01
 -2.3862228e+00
  9.0546983e-01
  7.6899163e-02
  1.0850234e+00
  1.7223902e-01
 -2.2658973e+00
  1.1312981e+00
 -3.4867030e-01
 -6.4772457e-01
  6.2109172e-01
 -1.9938695e+00
  1.0996990e+00
 -7.3325700e-01
 -8.8557959e-01
  2.8618032e-01
  5.4961704e-03
 -4.5292976e-01
 -1.2383115e-01
 -4.2230308e-01
 -3.0298260e-01
  8.3637267e-02
 -7.2509229e-02
 -1.9157471e-02
  4.1600570e-02
 -2.4922748e-01
 -1.3231106e+00
  1.6935825e-01
 -1.8796993e+00
 -1.2783517e+00
  5.2945834e-01
  1.1012344e+00
 -5.6969412e-02
  1.6746444e-01
 -6.0855955e-01
 -1.3504489e-01
  1.4102811e+00
  9.1885775e-01
 -3.5112459e-02
 -3.4697586e-01
 -1.2956959e+00
  7.8095317e-01
  1.3917221e-01
  3.0616093e-01
  1.2491230e+00
 -1.3593962e+00
 -8.4496331e-01
  2.2297670e-01
  1.5501665e-01
 -6.2446415e-01
 -7.0418787e-01
  4.6925384e-01
 -1.2094097e+00
 -4.8943363e-02
 -2.3011580e-01
  8.8733894e-01
  3.0238998e-01
 -1.3676286e-01
  1.5968375e-01
 -1.2297879e-01
 -3.8138697e-01
 -5.4393935e-01
 -9.8482770e-01
 -7.7041292e-01
  1.4567815e-01
  3.8729084e-01
 -9.1714293e-02
  4.9900717e-01
  3.8641825e-01
 -5.2641553e-01
  8.5412717e-01
  6.1238545e-01
  1.6923692e+00
  3.2498646e-01
 -1.4841186e-01
 -1.7562799e+00
  1.5893786e-01
  1.5151776e+00
  5.6189690e-02
 -7.9873763e-02
  2.2230923e-01
 -1.2423180e-01
  7.3004067e-01
 -1.4958689e-01
  1.4939537e+00
 -5.7111633e-01
  3.7855625e-01
  5.4940656e-02
 -6.5631784e-02
  6.4969927e-02
 -2.0883492e-01
 -2.1412797e-01
  6.1040014e-02
 -6.0264606e-02
  1.6630787e-01
  1.4129429e-01
 -1.1310495e-01
 -1.0433331e+00
  1.5104600e+00
 -2.6181075e-01
  8.1019825e-01
 -3.4349191e+00
  1.5084258e+00
  4.7003463e-01
 -4.0361345e-01
  4.5597932e-01
 -8.0766439e-01
  1.2021168e+00
 -4.4393864e-01
 -2.3221344e-01
 -1.3058854e+00
 -1.3231938e+00
  8.2639307e-01
 -3.7439442e-01
  1.5742923e-01
  8.7931561e-01
  6.2935281e-01
  5.4662842e-01
  3.6578101e-01
  4.3406397e-01
  1.1661643e+00
 -2.2916859e-01
 -3.3200935e-01
  2.6180714e-01
  2.2512099e-01
 -6.3743013e-01
 -6.9691664e-01
  4.7664650e-02
 -4.7391569e-03
  2.8606632e-01
  4.1021818e-01
  5.5318964e-01
 -2.1547692e-01
  2.2541873e-01
 -1.8933766e-01
 -1.1017417e-01
  5.0393939e-03
  3.2075409e-02
 -7.6384008e-02
  1.1520788e-01
 -2.0073935e-01
  1.8802058e-02
 -1.8897437e-01
 -1.1252001e-01
 -1.9569407e-01
  8.8005501e-01
 -3.1735453e-01
 -2.9540753e-01
  4.3956667e-02
 -6.3962571e-02
  1.0785811e-01
 -1.8816864e-02
  2.6308975e-01
  9.9154741e-02
 -3.6396639e-04
 -1.8350136e-01
  8.0269337e-02
  1.9655172e-02
 -5.2190170e-02
 -7.6236136e-02
 -7.5141042e-02
 -1.2794429e-02
 -8.2423903e-02
  2.2141172e-02
 -5.8915336e-02
 -2.3721922e-02
 -2.5700105e-02
  4.7913888e-01
  3.6552054e-01
 -4.7142199e-01
  1.6077137e-02
 -9.8281480e-02
  7.1193802e-01
 -1.6309467e-01
 -1.9948047e-01
  2.4175178e-01
  3.9642045e-01
 -5.0227679e-02
 -8.3491243e-02
  3.1263020e-02
  3.8385323e-01
  7.4774250e-02
 -4.4813445e-01
 -4.2374933e-01
 -1.4859124e-01
 -5.4984158e-01
  1.9979475e-01
  1.1946931e-01
  2.8785092e-01
  2.2915789e-01
  1.4556304e-01
  3.5400155e-01
  5.7707343e-02
  3.7291759e-01
  6.3525788e-02
  1.1963489e-01
 -2.2280027e-01
  4.8844893e-02
  6.9855183e-02
 -7.2841674e-02
 -5.1688187e-02
  2.1204197e-01
  4.6485808e-01
  4.1685668e-01
  8.5711455e-01
  2.8218610e+00
  1.4893668e+00
 -4.2875853e-01
  6.5095264e-01
  6.5578049e-01
 -4.5362920e-01
  8.2937723e-01
  1.9144580e-01
 -7.3993975e-01
 -4.8247272e-01
  3.4302309e-01
  1.4019152e+00
  1.1557176e+00
 -2.3673793e-02
  4.9169049e-01
 -2.0363854e-01
  3.7142429e-01
  6.0986483e-01
  2.2922562e-01
 -1.3050587e+00
 -6.2469907e-02
  8.3646196e-01
  6.2710845e-01
 -3.3582819e-01
  3.0364612e-01
 -1.3997658e-03
 -8.3140409e-01
  2.9781523e-01
  2.6507637e-01
  7.7231601e-02
  1.8680727e-01
  7.7252442e-01
 -2.9837825e+00
 -3.0512518e-01
  4.4924065e-02
  2.6157465e+00
 -2.8493154e+00
 -8.1425339e-02
 -1.2796131e-01
  2.3629589e-02
  3.2766232e-01
 -1.2730242e+00
  1.1742527e+00
  1.7385701e+00
  3.2100996e-01
  6.7701775e-01
  3.3616403e-01
 -2.9324539e-02
 -2.4388702e-01
  2.6412804e-03
  1.1086575e+00
 -4.4357875e-01
  5.9824520e-01
  9.7769004e-01
 -6.9731778e-01
 -1.3056743e-01
  8.1568146e-01
  4.6620885e-01
  3.1264794e-01
 -3.1955559e-02
  3.4069262e-02
 -6.0169739e-01
  3.6057100e-01
  4.0226698e-02
 -8.6356111e-02
  2.9936194e-01
  2.8224450e-01
 -1.2953734e-01
 -2.5514781e-01
  1.6344684e-01
  2.6174483e-01
 -2.2256991e-01
 -1.3511878e-01
  1.7312218e-01
  5.5240806e-02
  1.8738517e-01
  1.3567069e-02
 -3.1290627e-01
  2.2159329e-01
  2.8593370e-01
  2.6709214e-01
 -3.7425414e-02
 -3.0506930e-01
  5.2928889e-01
  1.5225114e-01
  5.9597808e-01
 -6.4711356e-01
  2.3164052e-01
  1.9452581e-01
  1.1561557e-01
  2.1106184e-01
  1.1874922e-02
 -2.2056383e-01
 -1.9224752e-01
 -2.0386261e-01
 -3.3608507e-02
  3.6340711e-01
 -6.7393601e-02
 -3.5576683e-01
 -2.3129271e-01
 -1.1605760e-01
  4.8246752e-02
 -5.5701309e-01
 -2.1844509e-01
 -2.3468044e+00
  1.1460650e+00
 -5.1640421e-01
  1.7540314e+00
 -6.0694862e-02
 -1.9446240e-01
  6.4863956e-01
 -6.1986713e+00
  2.2802606e+00
 -1.6475455e-01
 -8.9384162e-01
 -1.1723419e+00
 -7.6196079e+00
  9.3019813e-01
 -6.1630136e-01
 -1.3071115e-01
 -6.6238576e-01
 -9.1418686e+00
  7.9474336e-01
 -4.7502512e-01
 -2.4559850e-01
 -5.3004688e-01
 -7.0913653e+00
  3.8275313e-01
 -7.0854887e-02
 -5.4489739e-02
 -1.0084322e-01
  5.9322739e-01
 -1.3016721e+00
 -1.1402404e-01
  2.5192961e-01
 -1.4334462e+00
 -4.0319034e-01
 -3.0517918e-03
  7.5035590e-01
 -1.0080551e-01
  1.9933985e-01
  1.9966798e-01
 -2.0380592e-01
 -8.5276946e-02
  1.8464784e-01
 -1.6199601e-01
 -8.2343757e-02
 -7.1852580e-02
 -3.9709187e-03
  7.2122341e-01
  2.0758016e-01
  1.0044447e-01
  2.9424664e-01
  1.3976787e-01
 -1.9684438e-01
  4.0043917e-02
 -9.2196412e-02
 -3.5155034e-01
 -1.3530809e-01
  4.5309443e-02
  1.7125934e-01
  2.1507818e-02
  2.5060326e-01
  7.1694195e-02
  2.7716432e-02
 -1.8595400e-01
  1.6250016e-01
  4.7203504e-02
 -2.1648093e-01
  1.7587775e-02
  2.5436920e-01
  1.0302845e-01
  1.0412806e+00
 -7.6202863e-01
  8.4901386e-01
  6.7734104e-01
 -5.1642500e-02
 -8.3716607e-01
 -3.8243413e-02
 -1.6076804e+00
  1.7866427e-02
 -6.1856383e-01
  1.5611817e+00
  7.2890157e-01
 -3.8468453e-01
  1.4477293e+00
  2.4796939e-01
 -1.8821047e-01
  8.7533683e-01
 -1.0112767e+00
  7.7362168e-01
 -1.7420470e+00
 -1.9368299e+00
  7.3243695e-01
  6.2383741e-01
  2.3375660e-01
 -8.9122581e-01
  2.1167536e+00
 -5.6838237e-02
 -2.0458454e-01
 -7.7592236e-01
  5.3371352e-01
 -5.6951921e-02
  4.1610438e-02
  3.2415647e-02
 -1.7929503e-01
 -9.8938204e-02
  5.6892455e-02
  1.4943726e-01
  1.3821624e-01
  1.0161928e-01
 -1.3722904e-01
 -3.4717683e-02
 -2.3513277e-01
 -3.9752580e-02
 -2.4939011e-01
 -1.6400140e-02
 -2.7025791e-02
 -1.4647989e-01
  2.5976900e-02
  3.2603195e-01
 -2.9143520e-02
 -1.0755105e-01
  1.1158562e-01
 -1.6407555e-01
  2.7166393e-01
  9.8022945e-02
  1.3841230e-01
 -1.1419733e-01
  7.6724075e-02
  1.2826036e-01
 -1.1943304e-01
 -6.7308201e-03
  3.6122508e-02
 -1.0038510e-01
  6.8692289e-02
 -2.9391047e-02
  3.1434718e-01
 -2.6132828e-01
  8.8262305e-02
 -1.8254576e-02
 -6.4164065e-02
  7.3053819e-01
  2.8373470e+00
  3.0469103e+00
 -3.1889594e-01
 -1.4459913e+00
 -1.0193994e+00
 -5.5773073e-01
  4.5241344e-01
 -1.1338286e-01
  4.3373456e+00
 -1.7007307e+00
  2.4119610e-02
 -1.3924249e+00
  1.1015625e+00
  7.0858088e+00
 -2.3956871e+00
  5.7316154e-01
  1.1185191e-01
  1.4245613e+00
  2.2342789e+00
 -1.7086884e+00
  2.4608606e-01
  7.5372052e-01
 -8.8010453e-02
  2.8232350e+00
 -7.3815775e-01
  4.4093400e-01
  1.9401377e-01
 -1.5201366e+00
 -1.9088566e+00
  5.1533562e-01
 -8.7549025e-01
  5.1162258e-02
  1.2757499e+00
 -1.0608995e+00
 -1.4862688e-01
  1.2214470e+00
  7.2937810e-01
 -7.6635562e-02
  3.4010638e-02
 -3.7889242e-02
  1.6442275e-02
 -9.4578773e-02
  3.6155658e-03
 -2.2910671e-01
 -1.9236630e-01
  6.7462675e-02
  1.2160927e-01
 -9.4331533e-02
 -1.0165732e-01
  4.2700548e-02
 -6.3494883e-02
 -5.1571137e-01
  8.7482184e-03
 -7.9225451e-03
  2.1142337e-01
  4.9668334e-02
 -9.3278885e-02
  3.4164780e-01
  1.1836792e-02
 -2.4542929e-01
  2.0400185e-02
 -1.5476242e-02
 -5.4201014e-02
  1.4654429e-01
 -1.4296416e-02
 -2.1941845e-01
  2.6860155e-02
 -2.2853556e-01
 -1.8125733e-02
  2.9381919e+00
 -1.6345807e+00
 -3.8915493e+00
 -4.6517758e+00
  4.3757468e-01
 -2.8376290e-01
 -9.7886437e-01
 -2.2556858e+00
 -2.0584817e+00
  1.8880461e+00
 -1.2827493e-01
 -2.4943535e+00
 -1.2624090e+00
 -2.8585782e+00
  5.9187138e-01
 -1.6571958e+00
 -8.6498672e-01
 -4.3811411e-01
 -1.5650043e+00
 -2.8661844e-01
 -1.1297839e+00
 -1.5396006e-01
  1.2445901e-01
 -1.0298007e-01
 -9.5565701e-01
 -4.0743384e-01
 -6.1291751e-02
  2.5053549e-01
  9.6233487e-01
  1.9562742e+00
  9.5381983e-02
 -3.6603224e-02
 -9.9266380e-02
 -5.9992760e-01
 -7.6145798e-01
  5.9291881e-01
 -1.5034999e+00
 -1.3307613e-01
 -2.0323323e-01
  9.1175097e-01
  4.2147487e-01
  1.8545811e+00
 -2.8093442e-01
  1.7634656e-01
  4.3382969e-01
  1.7765911e-01
 -4.5187044e-01
 -8.7147735e-02
 -1.1582867e+00
  6.0573068e-02
 -4.5308554e-01
 -3.1466603e-01
  1.5791014e-01
 -7.1527708e-01
  1.7907919e-01
 -9.2598677e-01
 -1.1173843e-02
  4.1336778e-01
 -5.3948915e-01
  1.8274811e-01
 -7.8516662e-02
 -1.5927042e-03
 -3.6368713e-02
  2.6893362e-01
 -3.5729888e-01
 -2.9079992e-02
  5.0219830e-02
  1.2577161e-01
  1.6951540e-01
  4.7060523e-02
  5.6943512e-01
  1.1103089e+00
  2.8132517e+00
  3.4818612e-02
 -1.3448639e-01
 -7.7121240e-01
  1.1061187e-02
 -1.6458790e+00
  2.3132029e-01
 -7.9617798e-01
 -1.2949032e+00
 -3.7971434e-01
 -2.4566433e+00
 -2.9635832e-01
  1.0988870e+00
 -6.9660008e-01
 -6.9366410e-02
 -1.5485624e+00
 -2.9223007e-01
  1.8920310e+00
 -1.3438389e+00
 -1.2225376e-01
 -3.7059718e-01
  2.6811805e-01
  2.0117617e+00
  2.2142483e-01
  3.5916054e-01
  4.5464945e-01
  2.8427964e-01
  1.6918749e-01
 -7.2413635e-01
  2.0097500e-01
  1.0523295e-01
 -1.7817919e-01
  4.4286278e-01
 -2.7777392e-01
  1.1236644e+00
  4.6939725e-01
  9.6193723e-02
  3.3883193e+00
  3.2616373e-02
  1.2790266e-01
 -6.0910296e-01
 -1.6394255e-01
 -9.5170397e-01
  1.1318512e+00
  1.5997551e-01
 -5.3557003e-01
 -1.1674567e+00
  9.5849097e-01
 -1.0374202e+00
 -4.3390134e-01
  2.6401460e-01
 -7.4867541e-01
 -1.1415438e-01
 -6.4362198e-01
 -8.1608659e-01
 -4.2111301e-01
 -7.0539671e-01
  4.8962298e-01
 -1.1303749e+00
  8.0894858e-02
 -3.1601271e-01
  6.5243953e-01
  9.7744554e-01
  3.2459572e-01
  7.1633868e-02
 -7.3235601e-02
  1.3083245e-01
  7.6375610e-01
  6.7946434e-01
  7.2200871e-03
 -1.5300863e+00
  3.1854052e-02
  7.1098483e-01
 -1.7832474e-01
 -1.4811370e+00
  6.4244050e-01
  1.9134455e+00
  1.7126547e+00
  1.7450688e+00
 -8.9530337e-01
  8.6540252e-01
  1.0483636e+00
 -5.6100363e-01
  8.9952540e-01
 -7.5287861e-01
 -3.6362082e-01
  1.1823741e+00
  3.2823169e-01
  1.2012907e+00
 -4.2116818e-01
 -1.5064012e+00
  9.7893065e-01
  9.7947448e-02
  9.6519262e-01
  2.1252440e-01
  4.7218792e-02
  3.8604331e-01
 -6.4945549e-01
 -1.5230297e-01
 -3.6037713e-01
  5.8906719e-02
  7.5726038e-01
 -6.5921925e-02
  4.0717924e-01
 -2.6326162e-01
 -3.7308845e-01
  9.0570897e-01
 -1.5579771e-01
 -2.8461772e-01
 -9.8720020e-01
 -1.3480616e+00
 -1.3632377e+00
 -1.2002404e+00
 -1.8124536e+00
  6.6257441e-01
 -5.2572703e-01
  7.6343942e-01
 -1.3719404e-01
  3.3862722e-01
  1.0020903e+00
  3.2513235e-02
 -2.5179192e-02
  1.4043610e+00
 -4.1843347e-02
 -9.9186170e-01
 -4.4213809e-02
  2.4874885e-01
 -3.7834629e-02
 -7.0499599e-02
 -1.2418492e+00
  7.0888901e-01
  4.0630886e-01
 -2.9282096e-01
  3.6997736e+00
 -3.3722868e+00
  2.7527013e-01
 -1.6182238e+00
 -7.8378595e-02
  3.5101455e-01
 -3.5124120e-01
 -1.1298180e+00
  2.9779699e+00
 -1.9880769e+00
  4.5301571e+00
  2.3171389e+00
 -9.7919732e-01
 -1.5268652e+00
  7.2689876e-02
 -3.2864201e-01
 -1.9682809e+00
 -3.9176817e+00
  4.3266174e-01
 -4.3324289e+00
  9.4757766e-02
  1.1722275e+00
  1.3177687e-01
 -2.1761642e+00
 -6.5888591e-02
  4.7618375e+00
 -6.6194957e-01
 -3.1452663e+00
  2.6798697e+00
 -1.8870323e+00
  1.1734779e-01
 -2.3958464e-01
 -5.1532771e-02
  2.7657185e-02
  5.9878681e-02
  1.5712471e-01
 -7.7071927e-02
  1.1891808e-01
  1.3923241e-01
  1.0017975e-01
  1.4446041e-01
 -9.9031650e-02
 -6.4039142e-03
  4.2192463e-02
 -1.8924074e-01
  2.0013157e-01
  8.6066350e-02
  1.8469300e-02
  3.5204373e-02
 -8.3214961e-02
 -5.4969590e-02
  4.2161684e-02
  1.2418005e-01
 -6.0081337e-02
 -8.2864583e-02
 -2.3923911e-02
  1.4190142e-01
  1.0392807e-01
 -1.2223525e-01
  1.0523963e-01
  2.3155566e-01
  7.8672580e-02
  1.3766530e-01
  1.2550540e-01
  3.7944864e-02
  1.6593923e-01
 -1.1277296e-01
 -1.1250793e-01
  5.1808365e-02
  3.2968257e-02
 -1.8171429e-05
 -1.5817687e-01
 -1.8010293e-01
  1.6808921e-01
 -5.1828261e-02
  2.1821273e-02
  1.2466905e-01
 -9.2463575e-02
 -5.3809192e-02
  5.2466031e-02
 -6.0716692e-02
  8.4372750e-03
 -3.2577761e-02
  1.8769035e-01
 -2.5317417e-02
 -6.2485631e-03
 -7.2287560e-02
  1.3722370e-02
 -2.9501216e-02
 -3.6125977e-02
 -7.6857172e-02
  1.9257396e-01
 -4.9506463e-02
  3.3720888e-02
 -1.1913238e-01
  5.1655799e-02
 -3.7606340e-03
  3.0398159e-03
 -1.3270639e-01
  4.1913062e-02
  1.4333805e-01
 -2.0081370e-01
 -4.2859736e-01
 -6.4395055e-02
  4.3552929e-01
  3.0732235e-01
 -4.8374966e-01
  2.3319547e-01
  3.3540940e-01
  3.9044132e-03
  3.7370798e-01
 -3.4260398e-01
  3.7890893e-01
 -4.2523271e-01
  2.0924100e-01
 -1.3751619e-02
 -8.1876600e-01
  3.8551965e-01
  2.0708857e-01
 -1.7229798e-01
 -1.5824082e-01
 -9.8659284e-02
  3.3588019e-01
  2.8429413e-01
  1.0673622e+00
  8.1953499e-03
  4.3690871e-02
  8.5096307e-02
 -7.6589562e-02
  2.4386254e-01
 -4.8256200e-03
 -1.1628710e-02
 -2.2171214e-01
  2.2233228e-01
  1.0147707e-02
 -8.2830638e-02
  5.2879043e-02
  9.6735097e-02
 -9.4724044e-02
  1.5932383e-01
 -1.1405169e-01
  1.4748509e-01
 -1.7310376e-01
  2.4650792e-02
 -1.0148562e-01
 -8.8936612e-02
  2.0481205e-01
  4.6820752e-02
  3.4565136e-02
 -2.4419802e-01
 -1.1872710e-01
 -1.0461882e-01
  3.5470810e-02
 -3.4080479e-02
  2.4310445e-02
 -2.3656810e-02
 -4.5192298e-02
 -4.8458710e-02
 -1.2748854e-02
  3.5090066e-02
 -1.7649816e-02
  1.0283152e-01
  2.7120546e-02
  3.4312110e-02
  1.0052069e-01
  5.5359762e-02
  1.0080256e-01
  1.5824923e-02
  1.7998103e-02
  1.4150479e-01
 -1.5510538e-01
 -1.1549144e-01
  5.3663910e-03
  3.3333544e-02
 -1.1592421e-01
  4.7496125e-02
  5.6764197e-02
 -5.8260676e-02
 -4.4938914e-02
 -4.0700650e-03
 -9.5859081e-02
  2.2205634e-01
 -2.0109490e-01
  4.9519482e-01
 -2.0036606e-01
  1.1463063e-01
  4.0121771e-02
 -4.2897743e-01
  1.7714185e-01
  1.2110405e-01
 -2.4019597e-02
 -2.4557151e-01
  3.4681105e-03
 -1.5076567e-01
  9.3147783e-03
 -7.6894581e-02
 -7.4105328e-03
 -3.6579508e-02
  1.8203056e-01
 -1.6926187e-01
  8.5572019e-02
 -2.3595290e-01
  1.5938620e-01
  2.1059120e-01
 -5.3759951e-02
 -2.7842107e-01
  4.2609461e-03
 -1.2677422e-01
 -8.0043435e-02
 -5.1067602e-03
 -9.9459156e-02
 -1.3292158e-01
  4.1766200e-02
 -9.7693071e-02
  2.0717692e-02
  1.4639138e-01
 -1.1983228e-01
  2.7916265e-01
  5.7265967e-02
  7.7526522e-01
  3.3880495e-02
 -6.1746500e-02
  1.4852894e-02
 -6.2018689e-02
  5.4776073e-02
  2.1518873e-04
 -4.0714715e-02
 -1.2126312e-01
  2.7848205e-02
  9.8555967e-02
  9.5182270e-02
 -1.6208461e-02
  6.3979588e-02
 -9.3454912e-02
 -2.0365247e-03
 -4.0195253e-02
 -1.6603385e-01
  6.2236361e-02
 -1.7014325e-01
 -9.1660963e-03
  7.0990399e-02
  1.4270869e-01
 -9.8295398e-02
 -4.2469002e-02
  3.8425744e-02
 -3.7160271e-03
  3.1554440e-01
  9.8981941e-01
 -4.0738355e-02
 -2.1326785e-01
  5.6195091e-02
 -8.0380715e-02
 -3.1113902e-02
  4.3590534e-03
 -1.1845552e-01
 -1.1928937e-01
 -6.7200907e-02
 -1.9629303e-02
 -6.2547475e-02
  2.5200877e-02
 -5.5780586e-02
  3.9660916e-02
 -1.5916833e-01
 -1.2728253e-01
  7.3946677e-02
 -4.5738082e-02
 -9.1698721e-02
  1.6208453e-01
 -1.7664407e-01
  3.2679882e-02
  7.5191125e-02
 -2.2257857e-03
  2.1183306e-02
  2.6822101e-02
  1.0499325e-01
  3.4073076e-01
  5.9820175e-02
 -5.5449468e-01
  2.5867793e-01
 -5.1209396e-01
  2.4401145e-01
 -2.9140881e-01
  5.0149426e-02
 -4.8012305e-02
 -1.0821435e+00
  3.1941360e-01
 -4.9056536e-01
  2.5316182e-01
 -8.2843506e-01
 -1.1576456e-01
  3.2660070e-01
  1.2321582e-01
  1.9919410e-01
 -3.7958422e-01
 -6.0579604e-01
  4.8436709e-02
 -3.1398925e-01
 -5.5661451e-02
 -7.9585791e-02
  5.1084614e-01
  7.4882239e-02
 -4.3421391e-02
 -1.0876591e-02
 -2.2146754e-02
  2.8731781e-01
  6.9163397e-02
 -4.9986292e-02
  1.6877349e-02
  3.0923757e-01
  8.9304976e-02
  2.3690806e-01
 -5.4131951e-02
 -7.7863783e-02
  7.7294707e-02
 -1.2697646e-01
  1.7547933e-02
 -4.1438926e-02
  5.4905560e-02
  2.0250671e-02
  5.8682598e-02
  1.3064499e-01
  1.2919916e-04
 -1.7593215e-03
 -8.0847703e-02
 -1.9019026e-01
  8.5547231e-02
 -1.1412822e-01
 -8.3109371e-02
  4.4651415e-02
 -1.8169980e-01
 -9.7431839e-02
 -1.8171306e-01
  1.5623922e-03
 -2.7919604e-02
 -7.9263948e-02
 -9.5981173e-02
  7.8694820e-03
  6.9879508e-03
  9.2729405e-02
  5.4757848e-02
 -4.8304919e-02
 -1.4804908e-02
  2.5612712e-03
  9.2178148e-01
  2.5737470e-02
 -2.2528525e-01
  2.2283334e-02
 -4.3520391e-02
 -5.2945074e-02
  3.5239249e-02
 -6.5111488e-02
  3.7916562e-01
  6.8585843e-02
  9.8322555e-02
 -1.3357727e-01
  9.8993875e-02
 -3.0870780e-02
  1.4234114e-02
 -3.6232054e-02
 -2.3346289e-01
 -1.7181148e-01
  4.3576318e-03
  6.4487867e-02
  6.2807016e-02
 -1.3474406e-01
  6.7704478e-03
 -2.1291447e-01
  2.5338825e-02
 -5.2799834e-03
 -1.0221947e-01
 -2.1495248e-01
 -5.8605392e-03
  1.2249228e-01
  1.2797199e-01
  2.6043816e-02
 -3.6043573e-02
  7.5356111e-02
  1.1264976e-02
 -8.3467416e-02
  1.0596351e-01
 -4.0020645e-01
 -5.0432462e-01
  4.1778135e-01
  1.3611357e-01
  9.7708607e-01
 -2.9546216e-01
  5.4645404e-02
  2.4664141e-02
  5.1784195e-02
  9.9624324e-01
 -6.0751200e-01
  1.1786656e-01
 -1.1008510e-01
  1.5954173e-01
  6.7836803e-01
 -1.0938030e-01
 -5.5251983e-03
 -2.2991858e-02
 -9.4555549e-02
 -5.4559612e-01
  3.6500385e-01
  3.1820044e-01
 -8.6166203e-02
  5.4756540e-01
  1.3276915e-01
  1.0716255e-01
  2.1936044e-03
 -1.1275515e-01
  1.1066454e-01
 -2.9805434e-01
  1.9481972e-02
  9.4730845e-03
  6.6944435e-02
 -7.8912728e-02
 -1.7342518e-01
 -3.8272789e-01
 -3.6431458e-02
  1.0902830e-01
 -2.7855940e-02
  1.4916953e-01
  1.4602898e-01
  1.8104605e-02
  1.3114864e-01
  1.1776128e-01
  7.6637812e-02
 -1.6175987e-02
 -3.0122111e-02
 -2.6444411e-01
 -2.5096444e-02
  1.2155464e-01
 -7.8979269e-02
 -5.6868043e-02
 -6.1975056e-01
  1.1778602e-02
  6.6407949e-02
 -7.9056941e-02
  3.8044798e-01
 -1.1172581e-02
  1.5268926e-02
 -2.6057901e-02
 -1.2831967e-01
 -4.3713603e-02
  6.3849412e-02
  3.8378024e-01
  3.9172377e-02
  8.3573824e-03
  1.1689090e-02
 -3.4184735e-02
 -5.9419253e-04
 -2.6324071e-02
  3.7214968e-01
  5.4242425e-02
 -4.0854999e-01
 -7.9829479e-03
 -6.1148804e-01
  2.2637480e-01
 -2.4312490e-01
  4.8486829e-02
  4.6869108e-01
 -5.6187928e-01
  3.0656478e-01
 -4.0148550e-01
  8.2111716e-02
 -5.9415784e-02
 -9.9024183e-01
  2.2749536e-02
 -1.2422414e-01
  1.6962758e-01
  5.1149532e-02
 -4.9674046e-01
  1.1214054e-01
  8.4271170e-02
  2.8251147e-01
  1.2916452e-02
 -2.0000257e-01
  4.4703010e-02
  6.7579843e-02
 -2.0391179e-02
  5.4140907e-02
  1.8329188e-01
 -5.2291129e-02
  3.3547889e-02
  4.8159191e-01
  1.8283132e-01
  1.2742993e-01
  2.8645042e-01
 -1.2424888e-01
  4.0496078e-01
 -2.0412283e-02
 -4.1706395e-01
  1.7921782e-01
 -1.2073108e-01
 -2.8133583e-03
  2.0919184e-01
  8.0162987e-02
  4.9283225e-02
 -5.3330246e-02
  1.4127733e-01
 -1.2277649e-01
  9.8768270e-01
 -6.0088344e-02
  1.3310677e-01
  1.1719882e-01
 -1.6705856e-01
 -4.3391738e-02
 -1.0148387e-01
 -1.2795810e-01
 -6.2440086e-02
 -2.9752903e-02
  4.6805972e-01
  8.3671972e-02
  1.0253574e-01
  1.6337588e-01
 -5.9378341e-02
  1.7846996e-01
 -7.5719230e-02
 -1.2709917e-01
 -8.9311875e-02
  1.2862501e-01
  1.0943266e-01
  1.8461363e-02
  4.4727808e-01
 -9.5905103e-02
 -1.2036273e-01
 -7.6433897e-02
 -6.3677415e-02
 -6.2713429e-02
  2.9861879e-02
  1.1323094e-01
  1.0842653e-02
 -1.5171351e-02
  2.9786423e-02
 -1.3810086e-02
  5.7814596e-03
  1.7656894e-01
  2.9535290e-02
 -1.2155214e-01
  1.7600935e-02
  9.6175008e-02
  1.4410913e-01
  1.2476677e-01
 -7.3051691e-02
 -4.6057235e-02
  4.7508672e-02
 -1.8873762e-02
  1.3220117e-02
 -9.3157560e-02
 -2.3835501e-02
  1.2557204e-01
  7.7153295e-02
 -6.9927774e-02
  1.6726077e-02
 -1.3775590e-01
  1.5894815e-01
 -1.4319634e-03
 -1.0814154e+00
 -3.8244435e-01
  6.8881762e-01
 -2.4247086e-02
  1.3112393e-01
 -9.9446547e-01
  6.1730140e-01
 -2.4674822e-01
 -3.8079202e-01
 -7.4953878e-01
  4.3555226e-02
  8.9360923e-01
 -1.9826396e-01
  2.3951390e-01
  6.8390715e-01
 -6.1330867e-01
  8.2394648e-01
 -6.0241681e-01
  5.2143162e-01
  3.6197078e-01
 -2.1384433e-01
 -2.7241510e-01
 -6.2875235e-01
  9.7976100e-01
  1.8557180e+00
  9.3804270e-02
  1.8740548e-02
 -5.8521003e-01
 -2.5270671e-01
 -1.1822994e-01
 -5.0211109e-02
 -9.2263930e-02
  2.2452678e-01
 -6.8212944e-01
 -9.6407011e-02
  8.5408881e-02
 -8.9816250e-02
 -1.8486443e-01
  1.5178698e-02
 -2.1299720e-01
  2.4361007e-02
 -1.0355920e-01
  8.5157372e-02
  1.6724104e-01
 -1.3832723e-01
  1.7954582e-01
 -1.4863796e-02
 -4.0473975e-02
  1.6031760e-01
  7.8403711e-02
  2.5121357e-02
  4.8946336e-02
  1.2566781e-01
 -2.5921423e-02
  2.1991039e-02
  2.3452843e-02
 -4.7340568e-02
 -1.1417839e-01
  1.4421189e-02
  9.4254352e-02
 -8.0192406e-03
 -8.2676552e-02
  1.2721936e-01
 -1.8149406e-03
  2.3141691e-01
  2.7913963e-02
  2.8645687e-02
  7.2304927e-02
 -4.7188639e-03
  1.4231394e-01
 -1.1703682e+00
  4.5086828e-01
  1.5473667e-01
 -1.7015663e-01
  3.5886505e-01
 -7.2555840e-01
  6.0771650e-01
 -5.8755159e-01
  1.1591746e+00
 -8.5090721e-01
 -7.2250821e-02
  8.3378643e-01
 -8.8215762e-01
  5.3193045e-01
 -1.4114860e-01
 -6.9905177e-02
  1.9447234e-01
 -3.6092225e-01
  3.1214818e-01
  2.6215553e-01
  4.4025123e-02
  1.4032653e-02
 -4.3371603e-01
  9.0378672e-01
  7.9217190e-01
  6.1635040e-02
  1.1457912e-01
 -5.0318353e-02
  1.5518004e-01
 -6.1936307e-01
  9.5362656e-02
 -1.6086152e-02
 -4.7737334e-02
 -3.8117024e-01
 -9.1318518e-02
  6.5587915e-02
  6.1203033e-02
 -1.9691707e-01
  2.1707202e-01
 -3.1006932e-01
  8.7131046e-02
 -2.0469090e-01
 -4.5943294e-02
  2.0681599e-02
 -8.5482024e-02
 -1.4458859e-01
 -1.9755958e-01
  1.7356509e-01
  7.3713653e-02
 -1.0440481e+00
 -4.8466899e-02
 -3.6133367e-01
  2.3216869e-01
 -1.2178361e+00
  1.9748420e-02
  3.9216995e-02
 -2.3426905e-02
  1.5051489e-01
 -9.8063767e-02
  3.1493697e-01
  1.8354598e-01
  1.6115058e-02
 -2.4402952e-02
  2.3653712e-02
 -3.3896960e-02
  1.2521397e-01
  8.4210727e-03
 -1.5779911e-01
  1.8063343e-01
  1.8107470e-03
 -1.2032454e+00
  1.1410098e+00
  1.6995814e-01
  3.4149606e-02
  4.6845365e-01
 -3.1753594e-01
  6.1563945e-01
 -7.1613413e-01
  1.5957866e+00
 -1.3977368e-01
  1.1766502e-01
  2.0126276e-01
 -6.4965570e-01
 -1.5383543e+00
 -7.6628363e-01
 -2.0629664e-01
 -5.6755590e-01
 -8.2002503e-01
 -7.3852104e-01
 -1.7072008e+00
  5.2504939e-01
 -5.4969805e-01
 -1.9961767e-01
 -8.4987807e-01
 -1.2276301e-01
 -9.2842691e-02
  3.0620797e-02
  5.4490313e-02
 -1.1525861e-01
 -3.5035381e-01
 -1.2756541e-01
 -1.2933278e-02
  1.1321064e-01
 -4.9671629e-01
 -1.1171323e-01
 -6.5528238e-01
 -3.5998292e-02
  3.0573392e-01
  2.4707152e-01
  7.2711921e-01
 -1.2291556e-01
  2.8381181e-01
 -2.6386678e-01
 -1.0530938e-01
 -1.8670730e-01
 -1.8159513e-01
 -1.5501805e-01
 -3.7623327e-02
 -3.6087176e-01
  5.1004404e-01
 -3.9578322e-01
  2.9651329e-01
 -3.0065465e-01
 -1.5952303e-01
 -5.0477609e-02
 -3.8356151e-02
  3.3221329e-03
 -1.9534414e-01
  1.0419315e-01
 -7.4140269e-01
 -9.3745708e-02
 -9.7267725e-02
 -2.8386793e-01
 -4.7984246e-02
  3.1783950e-02
  6.6403680e-02
  2.0780938e-02
  3.7509575e-02
 -8.5013592e-01
 -7.0784479e-02
  6.5944242e-01
  5.2420998e-01
 -1.5620989e-02
 -6.3784778e-01
 -9.5833419e-03
  3.7868348e-01
 -2.7505526e-01
  1.4500098e-01
 -2.6017923e+00
 -9.4730772e-02
  1.2465657e+00
  3.7558389e-01
 -1.2318222e-01
 -2.9598055e+00
  1.1103172e+00
  5.3043920e-01
  4.8650831e-01
 -4.3632984e-02
 -2.2714331e+00
  1.7466574e+00
  8.6046678e-01
 -1.9108805e-01
  1.3378268e-01
 -6.6740441e-01
  1.4128079e+00
 -1.6248877e-01
 -1.9695826e-01
  1.1140748e-01
 -9.5257372e-01
 -3.6940148e-01
  8.9292787e-02
  4.8306741e-02
 -3.8659245e-02
 -1.6283591e-01
 -1.2233862e-02
  8.5012794e-02
  8.6543567e-02
 -5.8993462e-02
  1.1824349e-01
 -5.5407444e-03
  4.3849226e-02
  1.2555353e-04
 -9.6532220e-01
 -5.1440775e-01
 -2.0483056e-01
 -9.0775259e-02
 -1.9829797e-03
 -3.0497165e-02
 -4.9807820e-03
  1.5718840e-01
 -9.5338887e-03
  4.1999944e-02
 -1.1985283e-01
 -2.1545359e-01
  1.2149420e-01
 -1.7053759e-01
 -2.9074985e-01
 -7.1467450e-03
  2.3273137e-01
  9.2061616e-02
  3.3809949e-02
  4.0302474e-02
  1.3743550e-01
 -2.6191363e-02
  1.6591138e-01
  4.4688307e-02
  9.3869410e-02
  3.4321427e-02
 -6.8964332e-02
 -9.9188812e-02
  3.4567481e-01
 -1.6978380e-01
 -4.9196351e-01
  6.3509941e-01
 -3.5507894e-01
  2.4734294e-01
 -2.6271373e-01
  2.9432616e-01
  7.2680819e-01
 -5.9294812e-02
  1.8831834e-01
 -6.7084730e-01
  2.5109807e-01
  2.5068289e-01
 -2.1229513e-01
  2.4509317e-01
  9.0987615e-02
  2.6427289e-02
 -5.2999999e-02
 -2.3430898e+00
  7.5691268e-02
  6.2263161e-01
  1.6155675e-01
 -2.1534765e-01
  1.2542075e-01
 -5.3858586e-02
 -1.0484497e-01
  7.2865658e-02
 -9.2752188e-02
 -5.1415414e-01
  6.1846130e-02
 -8.9366175e-02
 -4.0648505e-03
  1.9890559e-01
  1.2240952e-01
  1.9674724e-01
 -3.2376087e-01
 -2.8813916e-01
 -2.4120864e-01
 -4.0239760e-01
  2.1033770e-01
 -9.8273754e-02
  1.2391351e-01
  2.4839148e-02
 -1.8647565e-01
  5.4838926e-02
 -7.7394515e-02
  1.0443456e-01
  1.2234752e-01
 -2.7244432e-02
  3.6239270e-02
 -1.3937096e-01
  1.3001862e-01
  5.9447535e-03
  2.4863124e-02
 -4.4922020e-02
 -1.0101290e-01
  2.8243342e-02
  7.0822671e-02
 -1.0497849e-02
  1.2443381e-01
  3.1984601e-02
  1.4425832e-01
 -2.1464920e-02
 -3.0932693e-02
  7.5694829e-02
  7.7606477e-02
 -9.2003025e-02
  1.0878514e-01
  4.3413360e-02
 -3.6605087e-01
  9.1001511e-02
 -7.2250701e-02
  5.4182518e-02
  1.9968855e-01
 -2.7334344e-01
  5.7602663e-02
 -3.8682467e-01
 -3.1553003e-01
  8.2174480e-01
 -2.1345046e-01
  2.8695145e-01
 -1.4357208e-01
  1.2249183e-01
  2.1897380e-01
 -2.3752345e-02
 -4.2635489e-02
 -1.6044959e-01
  8.2973249e-02
  2.0171021e-01
  4.3862414e-02
 -2.5635062e-02
  4.7640763e-03
  6.5045804e-02
  7.4897334e-02
 -1.0875993e-02
  2.4615308e-02
 -1.7859176e-02
 -2.6878580e-02
 -7.5616047e-02
 -1.3405271e-01
 -8.3658854e-03
 -7.1177520e-02
 -1.7705187e-01
  1.5897065e-01
 -9.2353225e-01
 -1.3525102e-01
  2.1580070e-01
  1.4990354e-01
  3.0399013e-01
 -3.7926605e-01
  2.8424457e-01
  1.1070696e-01
 -2.7259797e-01
  6.3789323e-02
 -1.3859981e-01
  1.0500123e-01
 -2.3370533e-01
  8.7409364e-03
  4.8328310e-01
 -2.4148355e-01
 -1.0908781e-02
 -1.8569869e-01
  1.6449958e-01
  1.0762767e-01
 -3.1007603e-01
 -1.4895946e-01
 -1.0643905e-01
 -1.1715765e-01
  5.2695203e-01
 -7.3707558e-02
 -3.1788979e-02
  2.7643327e-02
  1.0438749e-01
  2.9663648e-02
  2.1168567e-01
  3.1858906e-02
  3.6888354e-02
 -4.9377733e-01
 -2.2338779e-01
  4.2319065e-01
  8.4314719e-02
 -5.9300959e-01
 -7.5685635e-02
 -6.7852616e-02
  3.4605238e-01
 -5.2945817e-01
  1.4272843e-01
 -6.8122083e-01
  4.9966520e-01
  2.4871866e-01
 -1.8791243e-01
  2.5181350e-01
 -1.3305281e-01
  6.2679189e-01
  5.7084351e-03
  3.8278556e-01
  3.8414294e-01
 -2.7251142e-01
 -4.9662814e-01
 -1.9246103e-02
  2.2471362e-01
  1.5839691e-01
 -5.9194309e-01
 -8.2130557e-01
 -9.4463579e-02
 -9.9373654e-02
  1.2527357e-01
 -6.2522702e-03
 -2.2269595e+00
 -7.1708620e-02
 -1.5943514e-01
 -2.9015582e-02
  2.0861292e-01
  1.1140455e-02
 -1.1673450e-01
 -2.0220323e-01
 -1.6998053e-01
 -1.2348130e-01
  1.5331735e-01
 -8.9859083e-02
  1.0446771e-01
 -1.7116407e-01
 -1.4887349e-01
  3.7585542e-02
 -9.6087851e-02
 -1.2949580e-01
 -1.7635897e-01
  1.0484660e-01
 -2.4138533e-01
 -9.0417832e-02
  9.9292278e-02
 -1.0219431e-01
  2.2562935e-03
  8.5836872e-02
  3.9564814e-02
 -1.5185936e-01
 -9.0687990e-02
 -3.6699004e-02
  6.2524146e-01
 -1.2597094e-01
 -2.9648280e-02
 -5.1585883e-02
  3.9521032e-03
  3.2236829e-01
 -2.8844613e-01
  1.3117902e-01
 -3.0857292e-01
 -5.6160048e-02
 -6.7476757e-02
 -9.5424108e-02
  9.4926730e-02
  4.7119835e-01
 -1.9759877e-01
  2.9643455e-01
 -1.1911657e-01
  2.7834058e-01
 -1.2553793e-01
  4.2308292e-01
  5.3190112e-01
 -5.8345158e-02
  3.4842613e-01
 -5.5035189e-02
 -8.4059186e-02
 -7.1994591e-01
 -4.6700656e-02
  4.9073938e-03
 -1.6838233e-01
  6.5201235e-01
  1.2856851e+00
 -2.6400536e-01
  1.6353382e-01
 -2.3093998e-01
 -9.8060980e-02
 -5.9405494e-01
 -2.0014822e-01
  1.0866185e-01
  2.1112671e-01
  3.4274429e-02
 -5.6170303e-02
  2.6960224e-02
  1.1386679e-01
 -1.9004588e+00
 -3.1753555e-01
 -1.3444479e-01
  2.7480289e-02
  9.0958364e-02
 -6.2570941e-01
  6.0214970e-02
  3.7843924e-02
 -7.5832181e-02
 -1.4064133e-01
 -7.4841022e-01
 -7.7357836e-02
 -2.3194123e-02
  6.1557078e-01
 -9.3714841e-02
  1.9899291e-01
  4.5745900e-01
  7.4035680e-01
 -6.2323403e-01
 -1.6885942e-02
 -4.7306108e-01
  3.0203661e-01
 -1.3619812e+00
 -9.0592146e-01
 -9.5234478e-01
 -6.2689863e-02
 -2.1572329e-01
 -1.1471641e-01
 -2.1407689e-01
 -5.8390856e-01
  8.6197726e-02
 -1.8524306e-02
  4.2537931e-01
  2.5377035e-01
  1.0741320e-01
  1.4008754e+00
 -2.0639992e-01
 -1.8687259e-01
 -6.0838837e-02
  3.0954432e-02
  1.2953006e+00
  2.7949941e-01
 -1.9814323e-01
 -9.8278862e-01
 -3.6489930e-02
  6.2826300e-01
  4.1879779e-01
  2.2539626e-01
 -2.9397957e+00
  3.1539604e-01
 -1.6221936e+00
  5.5918831e-01
 -2.5950270e+00
 -9.7960132e-01
  1.9763021e+00
 -2.2061689e-02
  8.3568376e-01
  5.3770703e-01
 -5.9218991e-01
 -6.0000861e-01
  8.0823988e-01
 -3.2545316e-01
 -5.9986460e-01
  1.2465699e-01
 -8.6141147e-02
  7.3338196e-02
 -1.9811186e-01
  9.9739224e-02
 -3.7034240e-02
  2.5382236e-01
  1.6143188e-01
 -5.2510403e-02
  5.3332597e-02
  9.5607877e-02
 -6.8865933e-02
 -8.8389926e-03
 -9.9284634e-02
 -8.7039284e-02
 -1.1413647e+00
  4.7230635e-02
  1.8922031e-01
 -4.9035081e-01
  3.5516489e-02
 -5.4349359e-02
 -1.6042264e-01
  3.4032967e-02
 -1.1328612e-01
  1.4247787e-02
  5.2475478e-03
  4.9132969e-02
  3.6343575e-02
 -9.6932620e-02
 -1.2784424e-01
 -2.9734230e-01
  4.1841090e-01
 -4.8210833e-02
  5.8124647e-02
 -1.0577250e-01
 -1.3141273e+00
 -4.7807229e-01
  6.2681305e-01
  4.7788119e-01
  7.0738006e-01
  5.1186407e-01
  4.8537931e-01
  6.9278264e-01
 -6.6436064e-01
  1.3893960e+00
  2.6247862e-01
 -1.5592363e+00
  3.1797937e-01
  1.7585831e+00
  3.3813518e-01
  2.3388492e-01
 -2.1401517e+00
  7.5201291e-01
  7.0661706e-01
  1.6004989e+00
  1.9795083e-01
  1.3280996e+00
 -1.5804560e+00
 -1.0541447e-01
  8.7340817e-02
  3.5205910e-01
  6.2666774e-01
  5.8046585e-01
  2.6817855e-01
  1.0039463e-01
  1.3275173e-02
  3.8650772e-01
 -2.2833740e-02
  2.2670035e-01
  5.0809950e-02
  5.0142503e-01
 -1.9413657e-01
  2.8939253e-01
 -1.0120505e+00
 -5.3681701e-01
  2.0597552e-01
  8.3438021e-01
  9.3834394e-01
  1.0753388e+00
  9.1657048e-01
  5.6078666e-01
 -2.6486474e-01
  1.0091527e+00
 -6.0454166e-01
  4.4831458e-01
 -5.6808990e-01
 -6.9267035e-01
 -1.3790594e-01
  1.2034166e+00
  1.6383748e+00
 -5.1006103e-01
 -1.2594573e+00
  3.0517486e-01
  4.0994269e-01
  2.2620253e-01
  3.9231136e-01
 -3.7628543e-01
  2.4351442e-01
 -9.5912941e-02
 -3.1429589e-01
  1.9028814e-01
  4.1935903e-01
  1.1179256e-01
  4.0930100e-02
  8.6179025e-02
  2.6847914e-01
 -8.5314654e-02
  6.5765917e-01
 -1.2418939e+00
 -1.2036595e+00
 -3.6603644e-01
  2.9227805e-01
 -1.4831768e-02
  1.6472359e+00
  4.4095075e-01
 -2.0581763e-02
 -7.9646903e-01
 -4.5503393e-01
  1.4035048e-02
  8.0719918e-01
 -3.8279426e-01
 -4.1977298e-02
  1.4495322e+00
  8.5245806e-01
 -3.5930443e-01
  1.0584339e+00
  2.2443025e-01
 -2.6742139e-01
 -4.9249840e-01
 -6.5756893e-01
 -4.5425510e-01
  2.5791624e-01
 -5.8823865e-02
 -5.3458476e-01
  7.3206290e-03
 -1.8480964e-01
 -3.8181996e-01
 -2.6410276e-02
  6.2997800e-01
  2.9363900e-01
  3.5322940e-01
  4.3495077e-01
 -1.6045038e+00
  3.7298629e-01
 -2.7401230e+00
  1.2981898e+00
  1.2223233e+00
 -1.9462258e-01
  3.7020987e-01
 -3.2728389e-01
  8.5559928e-01
  2.7247322e+00
  4.9200553e-01
  2.9762194e+00
 -3.7442261e-01
  1.0552144e+00
 -5.0815743e-01
 -4.6687946e-01
 -9.7366208e-01
  7.3017694e-02
  1.2450035e+00
  1.4520276e+00
  1.5483786e+00
  2.7853063e-01
 -9.1541350e-01
 -9.4869941e-01
  1.4367692e+00
 -1.2390599e+00
 -1.5360112e+00
  8.4662661e-02
 -3.9589927e-01
 -2.3931366e-01
  2.5005394e-01
 -1.1698867e+00
 -5.1369417e-01
  2.1958795e-01
  6.7555374e-03
  9.7232169e-01
 -1.4607375e+00
 -6.8722770e-02
  1.9114109e+00
  6.7004722e-01
 -1.4298204e-01
 -9.4146192e-01
  5.1380324e-01
  2.8493187e-01
  6.0348195e-01
 -1.7059035e+00
 -8.9450681e-01
  1.6145824e-01
 -4.1439050e-01
  1.9502310e+00
 -6.8573087e-01
 -2.4341732e-01
  6.9037604e-01
  4.5921009e-02
  2.2371066e+00
  1.7576350e+00
 -4.7287881e-01
  1.2018095e-01
 -7.2927201e-01
  7.7099252e-01
  6.8542117e-01
 -3.7862822e-01
  2.9854205e-01
 -4.6333557e-01
 -3.8734472e-01
  7.6399356e-02
  3.6744207e-01
  2.9971972e-01
  2.4592900e-01
  9.5652938e-02
 -4.5625457e-01
  6.8329014e-03
 -1.8366578e-01
 -4.6861406e-02
  2.4434198e-01
 -8.0772728e-02
  8.2624026e-02
 -2.9652262e-01
 -2.8086630e-01
 -7.9689145e-01
 -1.1294149e+00
  7.5885314e-01
  9.2018825e-01
  1.4555353e+00
 -3.4395942e-01
 -7.8411591e-01
  4.7060240e-02
 -3.5805860e-01
 -3.6680847e-02
 -4.8714501e-01
  1.5771505e+00
 -1.4991757e-01
 -4.0021595e-01
 -2.5317369e-02
  1.7511886e-01
 -2.1704128e+00
 -3.3645365e-01
  5.3216040e-01
 -4.8350517e-02
  1.9068620e-01
  3.0535154e-02
  1.2154674e-01
 -4.2734548e-02
  2.7947232e-01
 -9.8074749e-03
 -1.4316167e-01
 -6.1653426e-04
 -4.7225643e-02
  2.2504953e-01
 -3.7179057e-02
  9.3240857e-02
 -4.6940453e-02
  2.6273964e-02
  1.4344926e-01
  2.4527505e-02
 -9.7908095e-02
  1.0571119e-01
 -1.5298924e-02
  4.4908356e-02
  1.2100329e-01
  2.0706762e-01
  6.3680355e-03
 -8.2354985e-02
  2.0990111e-02
  5.7344500e-02
 -2.7269742e-01
  5.0504293e-02
 -1.1186505e-01
 -1.3284315e-01
 -8.8745072e-02
 -7.4018307e-02
 -1.5863206e-02
  5.7361025e-02
 -4.6989836e-02
 -6.3778393e-02
 -4.6860671e-01
 -8.5980639e-02
  1.6132103e-02
  7.2485298e-01
 -2.8410485e-01
  7.0507437e-01
  3.2394748e-02
 -1.9525568e-01
  2.5565153e-01
  6.0112888e-01
  6.0884041e-01
  1.3800642e+00
  2.0176010e-01
  1.4659880e-01
 -8.5442334e-02
 -9.7644693e-01
  1.8648399e-01
 -1.0398155e+00
  2.8332809e-01
 -2.2629039e-01
  3.2780127e-04
  1.0232372e+00
 -3.0219325e-01
 -2.0912366e-01
 -5.4770839e-01
  3.1151554e-01
 -6.2974370e-01
 -7.5378388e-01
 -8.8571161e-02
  2.4083669e-01
 -8.2179338e-02
 -8.3350581e-01
  4.5639637e-01
 -1.2681045e-01
  1.1339609e-01
 -2.4974644e-02
 -1.2185207e-01
  2.1973841e-02
  2.1476637e-01
  6.9235867e-01
  1.1846583e+00
 -5.9338766e-01
 -1.0290825e+00
  1.1223271e-02
 -4.9761093e-01
  3.1657171e-01
  5.1152366e-01
 -1.0531824e+00
  4.1869029e-02
  7.8628200e-01
 -8.3811009e-01
  1.5947829e-01
 -4.5247960e-01
  6.3865131e-01
  8.5024047e-01
  1.4541847e+00
  6.6284007e-01
 -7.4101806e-01
 -3.8444477e-01
  8.3321226e-01
 -1.4384471e+00
  1.1110127e-01
  1.0358531e+00
 -2.5751951e-01
  1.8684032e-03
 -1.1005425e+00
 -1.3087476e+00
 -6.4338404e-01
  8.0537098e-04
 -4.0072608e-01
  1.1600103e-01
 -5.3285247e-01
  1.8329979e-01
 -1.3201347e-01
  2.6040232e-01
 -1.7141137e-01
 -1.2530658e-01
  2.2256775e-01
  2.0967147e-01
  1.4547198e-01
 -2.0607938e-01
  9.7447926e-01
 -2.8896776e-01
 -8.2542747e-02
  4.7358600e-03
 -6.7669386e-01
 -6.1771995e-01
  5.7682466e-02
  2.5866151e-01
  2.9250970e-01
 -1.3166599e-01
  2.3157088e-01
  5.7738818e-02
 -6.0316462e-02
  1.2910895e-01
 -4.9841851e-01
 -5.1431619e-02
  3.9952877e-01
 -7.6300944e-03
 -1.3121188e-01
 -8.3668005e-01
  1.0168446e-01
 -2.1100554e-01
 -1.7404113e-02
 -2.7951533e-01
  1.1790284e+00
  7.3837034e-02
  5.2152380e-02
  1.4348125e-01
  1.1686474e+00
 -8.3098918e-01
 -7.8713948e-01
  7.9450838e-02
 -5.2350819e-01
 -2.9541919e-01
  2.0035289e-01
  8.6885788e-02
  4.5933443e-01
  6.1699557e-01
 -7.2973505e-02
  8.8135606e-01
 -4.4715885e-02
  5.4859632e-01
  4.0587270e-01
 -1.9259386e+00
 -9.8837560e-01
  1.8033949e+00
  6.6444945e-01
 -2.9088852e-01
 -4.2380616e-01
 -5.0061584e-01
 -1.4769912e-02
  1.0347816e+00
  1.4401630e-01
 -9.5903778e-01
  8.3236998e-01
 -7.1258974e-01
 -3.0159348e-01
  2.0069152e-01
 -1.8425076e-01
 -9.0990089e-02
  8.7838274e-01
  1.7335159e-01
 -3.9034575e-02
 -1.0743522e-01
 -1.1851420e-01
 -2.5219861e-01
  5.0616447e-02
  1.0086451e-01
  7.0563376e-02
 -2.3406666e-02
  8.8855259e-02
  1.2607864e-02
  6.4246729e-02
 -1.1094426e-01
 -1.9597146e-01
 -3.5603625e-01
 -1.2020608e-01
  7.5446509e-02
 -5.5766013e-02
 -2.5135854e-01
 -1.3634236e-01
  1.4383095e-02
 -1.0989675e-01
 -2.9014677e-01
 -3.2154480e-01
 -1.0843630e-01
 -1.3496695e-01
  1.4673818e-02
  1.2150814e-01
 -9.7105823e-02
 -1.9658272e-01
 -1.7042373e-01
  9.2581266e-01
 -2.4988865e-02
 -4.7399059e-02
 -2.7510083e-01
  3.9818953e-03
  1.4115345e-01
  2.6742044e-01
  1.9370808e-01
  2.3306282e-02
 -4.5833081e-02
  4.8311394e-02
 -1.0241245e-01
 -1.3935892e-01
  2.1803963e-01
  4.7301855e-02
  2.1133693e-03
  1.6417881e-02
  1.5139355e-01
 -1.0279210e-01
 -1.8837407e-01
  4.2845472e-03
 -7.9023518e-02
  5.3117730e-02
 -3.0512798e-01
 -5.2629583e-02
 -3.0156946e-02
  2.1417158e-02
 -3.8055307e-01
 -4.5759920e-02
 -1.3448422e-01
 -8.6673096e-02
 -1.0129074e+00
  5.8575088e-01
 -8.8228226e-02
  1.0262644e-01
 -1.1646590e-01
  4.2250443e-02
  1.0032550e-01
  2.7351325e-02
  1.0636457e-01
 -3.4783129e-02
 -6.8632662e-02
  6.1042048e-02
  1.4285446e-02
  1.2293358e-01
  2.2652827e-02
  1.1402049e-01
 -8.8295136e-03
  1.3859906e-02
  5.9531860e-02
 -9.3642108e-02
 -1.3666164e-02
 -2.0540245e-02
 -7.3916987e-02
  2.5690030e-02
  1.5833928e-01
  3.2533076e-02
 -8.2509354e-02
 -7.1672760e-02
 -1.3248618e-01
 -6.2221922e-02
  9.4608426e-01
 -1.0617372e-01
 -4.5847632e-02
 -5.4592483e-02
 -1.0719516e-01
  1.2568662e-01
 -9.6394792e-03
 -6.2056002e-03
 -3.3670489e-02
 -1.2706520e-01
  1.6911100e-01
  1.0877439e-01
  1.1679903e-01
  4.8689812e-02
  7.6827371e-01
 -6.6905159e-01
  2.2976658e-01
  6.4118195e-01
  3.5499936e-01
 -3.8537040e-01
  6.6055000e-01
  7.8412330e-01
 -8.5888469e-01
  1.4207551e+00
 -1.6635457e-01
 -1.6664612e-01
 -1.0211877e+00
 -5.0844777e-01
  1.9463319e+00
 -7.9925472e-01
  1.7746912e-01
 -1.8310906e+00
  1.2421448e-02
  2.7253360e-01
 -2.5812152e-01
 -1.3366480e+00
 -1.4875439e+00
 -2.3629864e-01
 -9.4416624e-01
 -1.7624861e-01
  4.0318653e-01
  6.4111471e-01
 -6.4327605e-02
  6.0894525e-01
  1.6684143e-02
  1.4293259e-01
 -1.4087260e-01
 -8.6308551e-01
  7.9282396e-02
 -2.9349524e-01
 -1.7849638e-01
 -9.7135520e-01
  8.1849992e-01
 -1.9929479e+00
  5.7513219e-01
  9.2885649e-01
  2.3110321e-02
  1.7236737e+00
 -3.3670017e-01
  9.1653085e-01
 -5.2967989e-01
 -4.9874669e-01
  5.0506783e-01
  1.4414309e+00
 -1.5547882e+00
 -2.6670456e+00
  2.7688460e+00
  1.4012713e+00
  1.1204566e+00
  4.8009747e-01
 -2.3926740e+00
 -8.0442220e-01
  1.0304978e-01
 -4.3844366e-01
  2.5390112e-01
 -4.8578721e-01
  1.2160403e+00
  4.8220307e-01
  6.5965313e-01
  6.1693318e-02
 -2.5131467e-01
 -2.9257325e-02
  4.4960260e-01
  4.7792535e-02
  9.3945123e-02
  9.0213686e-02
  7.5366452e-02
  3.1202340e-02
 -2.2881588e-01
  1.7948750e-01
  6.3171824e-03
  1.3912493e-01
  3.2589044e-02
 -1.3166973e-01
  2.1040063e-01
 -4.5938596e-02
  1.7683800e-01
 -1.8330774e-01
 -3.8092893e-02
 -4.9252219e-02
  8.0895372e-02
  1.2741229e-01
 -2.2658521e-01
  6.1676838e-03
 -6.9156870e-02
 -1.0837977e-01
 -1.7518899e-01
  1.4704031e-02
 -3.5768200e-02
  8.6874746e-02
 -8.9330263e-02
 -3.6769509e-02
  1.0793373e-01
  8.1587777e-02
  8.8609762e-02
 -8.2454756e-02
 -1.0654080e-01
 -9.8405592e-04
  7.8206751e-03
  2.5373128e-01
  2.7320862e-01
 -6.5864950e-01
  9.9647319e-01
 -8.8915415e-02
  1.1598626e-01
  4.0043643e-01
  7.8750946e-02
  3.7285108e-03
  1.9967641e-01
 -7.5103366e-01
 -5.9236854e-02
 -2.4568444e-01
 -1.1639857e+00
 -3.3600372e-01
  9.1042119e-01
 -3.8773257e-01
  3.2058600e-02
  1.6714875e-01
  3.8868919e-01
 -3.7371304e-02
  8.8524747e-01
 -6.8521947e-01
  1.8020058e-01
  5.5401478e-02
 -3.3010858e-01
  9.1381110e-02
 -4.2517284e-01
  3.7648195e-01
 -2.5166991e-01
 -2.3607906e-02
 -3.2997891e-01
 -9.4722211e-03
  1.1837210e-01
  1.3527018e-01
  7.2555894e-01
  5.0765264e-01
 -1.7420432e-01
 -1.9083990e-01
  9.2859864e-01
 -4.0743232e-01
 -6.4239454e-01
 -8.0496985e-01
 -1.0467770e+00
 -4.8854095e-01
 -1.7774647e-01
 -3.7883756e-01
 -1.7173218e+00
 -1.4785039e+00
  7.3132533e-01
 -4.8023604e-02
  1.4180479e+00
 -4.4463861e-01
  1.0289539e+00
  1.1331917e-01
 -2.5188220e-01
  3.0466095e-01
  9.7658950e-01
  5.0935984e-01
  2.5481051e-01
 -3.7863305e-01
  2.9346526e-01
 -8.8685066e-01
 -1.5232952e-01
  5.9903614e-02
  1.8508650e-02
 -3.4914732e-01
  1.6228208e-01
 -2.1431710e-01
  1.3217676e-01
  5.4254687e-01
  6.8549466e-01
  1.6508411e+00
 -7.5618017e-01
 -8.5954741e-03
  4.9652317e-01
 -1.0641016e-01
  7.2825187e-01
  1.3110230e+00
 -1.0412518e+00
 -1.3346061e+00
 -3.5971224e-01
  4.4704911e-01
  1.7894998e-02
 -6.4834952e-01
  3.9898968e-01
  9.5498437e-01
  2.1825464e+00
 -6.7548603e-01
 -1.2776541e+00
  6.5364832e-01
  8.2709980e-01
  8.4225971e-01
  5.6995012e-02
  4.8350111e-01
 -4.4887981e-01
  2.5403008e-01
  6.5392333e-01
 -9.8875928e-01
 -1.5087811e+00
 -6.5217698e-01
  1.6062869e-01
 -1.4697719e-01
 -1.0712906e-01
 -4.4022018e-01
 -1.0878225e-01
 -2.4334146e-03
 -6.9125003e-01
  1.2353403e-01
 -2.1814846e-01
  1.5431601e-02
  8.6532965e-02
  1.5204117e-02
 -2.3842753e-01
 -1.3132603e-01
  3.0622143e-02
  2.6485157e-01
  2.0482159e-01
 -2.0830411e-01
 -1.3327274e-01
  9.0733789e-02
 -4.6877448e-02
 -3.9335251e-01
 -1.7676970e-01
  1.1889628e-02
  9.1247208e-02
  1.5631971e-01
  9.6146189e-02
 -2.2690578e-01
 -1.5653844e-01
 -1.4830910e-01
 -1.7245593e-02
 -1.2511168e-01
  6.7223668e-02
  1.0136410e-01
  7.8136455e-03
  1.6084076e-01
  1.1207727e-01
 -2.6099293e-02
  1.5453142e-01
 -2.0091200e+00
  3.9231965e-01
  2.0933669e+00
 -1.3451533e+00
  2.4424353e+00
 -1.3331256e+00
 -3.1887290e-01
 -3.9298382e-01
  3.2791716e-01
 -1.4426205e+00
  9.7117519e-01
  1.9710268e-01
 -5.7509851e-01
 -1.7133757e-02
  5.0799269e-02
  5.9135354e-01
  1.2848701e+00
 -2.7376494e-01
  6.1706640e-02
  1.3238604e-01
  3.4671393e-01
  3.8598499e-01
 -3.5115692e-01
  9.5730469e-02
 -4.2188549e-01
  2.6508442e-01
 -2.1016608e-01
 -6.1950082e-01
 -9.7865915e-01
  1.9369043e-01
 -2.3531750e-01
  4.6373734e-01
 -1.9663127e-01
 -1.4743365e+00
 -3.1339934e-01
  2.8946590e+00
 -2.4824175e-01
 -1.0599489e+00
  1.5216963e+00
 -3.0823436e-01
 -1.9932069e+00
  1.6794463e-01
  9.1713440e-01
  3.7389961e-01
  2.1027181e-02
 -1.1596141e+00
 -5.7615335e-03
  5.5613166e-01
 -1.1114811e+00
 -8.0272430e-01
 -1.0387200e+00
  8.2822210e-01
 -1.0382653e-01
  1.8371579e-01
 -6.7038095e-01
 -9.7155333e-01
  3.8019291e-01
 -1.1875103e-01
 -2.1244758e-03
 -4.7508571e-01
 -6.0598677e-01
  1.7114419e-01
 -7.4349540e-01
 -3.8223222e-01
  1.3460501e+00
 -6.4321786e-01
 -3.2906970e-03
 -2.0638524e-01
 -3.3186817e-01
 -6.2225875e-02
 -3.4629028e-02
 -5.4572600e-01
  1.2525070e-01
  1.1696265e-01
  2.0281748e-01
 -2.7805196e-02
  1.3075425e-01
  8.3634719e-02
 -1.5980658e-01
 -1.9160265e-01
  1.6035144e-01
 -8.2515962e-02
 -4.2037576e-02
 -7.1236873e-01
  1.3511348e-01
  4.1231453e-02
 -1.7118740e-01
  1.7660365e-02
  5.3463906e-01
 -9.5574938e-02
  3.7658259e-02
  1.0313360e-01
 -1.5785705e-01
 -5.0850678e-02
 -1.1485216e-02
 -1.6635004e-02
  7.2276704e-02
 -2.1260948e-01
  8.4488131e-02
  1.6342859e-01
  1.8281706e-01
 -1.3533299e-01
  1.5725379e-01
  1.0695466e-01
  1.3206729e-01
  5.5640471e-01
  1.9345462e-01
  7.5501388e-01
  5.4372430e-01
 -1.4026231e+00
  1.6695504e-01
 -5.4926974e-01
 -3.2711962e-01
 -1.1408780e+00
 -6.5935862e-01
 -2.6373759e-01
  6.1579242e-02
  1.1201494e+00
  3.6839968e-01
 -3.0286133e-01
  9.2400831e-01
  2.1472552e+00
  2.5367944e+00
  8.2703453e-01
 -9.8788589e-01
 -6.4664572e-02
  8.2028240e-01
  1.2280589e+00
 -1.9351313e-01
  6.2988013e-01
 -4.0474924e-01
  3.6804280e-01
 -7.4128973e-01
 -6.0297126e-01
 -5.1715724e-02
 -8.7020732e-02
 -1.7418934e-01
  7.6685578e-02
 -5.0088310e-01
  2.4942327e-01
  1.1455610e+00
 -2.0785128e-01
 -3.3909902e-01
  3.2810321e-01
  5.6613839e-01
 -6.6550988e-01
  2.2184263e-01
 -1.7865428e-01
  2.1308434e+00
 -1.1570987e+00
  3.2766533e-01
  7.0985490e-01
 -3.6946100e-01
  5.7290792e-02
  9.1158915e-01
 -1.4483128e+00
 -1.0498663e+00
 -9.0727443e-01
 -6.0401207e-01
  2.6688188e-01
  1.0183229e+00
 -8.8833147e-01
 -1.1527478e+00
  3.3677027e-01
 -8.0109423e-01
  6.0819370e-01
 -1.0861152e+00
  1.9811556e-01
  9.0051180e-01
 -5.4755944e-01
  4.8149309e-01
  2.5821772e-01
 -2.0494920e-01
  5.1815665e-01
 -6.2470531e-01
 -3.4436017e-01
  1.1139032e+00
  6.8382174e-01
 -2.1789780e-01
  3.9808518e-01
  6.4792073e-01
 -3.5282764e-01
  1.7447280e+00
  6.9338846e-01
  9.8475242e-01
  7.9049605e-01
 -8.9065456e-01
  1.2473210e+00
 -6.8078059e-01
  7.1193236e-01
 -8.9000452e-01
 -1.2031482e+00
 -1.4878653e+00
 -1.7430167e+00
  2.6418442e-01
  1.7298219e-01
 -1.7022839e-02
 -6.5105301e-01
 -5.4279792e-01
  1.3056426e-01
 -3.1346279e-01
  6.7492478e-02
  1.4094990e+00
 -1.0035515e-01
 -7.2489060e-02
  3.4847356e-02
 -5.1080473e-02
  2.9974061e-01
 -3.4829652e-01
  1.2288920e-01
 -5.6520718e-01
  8.6695559e-02
  4.2461151e-01
 -6.9247540e-03
  9.3788423e-02
 -3.9636123e-01
 -1.2459260e+00
 -1.9375154e-01
 -1.2918056e+00
  2.6252631e-02
 -4.2100090e-01
 -1.1082166e+00
 -5.8177000e-01
 -7.0077682e-01
  8.1979197e-01
 -1.6461208e-01
 -5.2961099e-01
  9.0014386e-01
 -6.8776906e-01
 -9.7598314e-02
 -5.4672003e-02
 -4.4604200e-01
 -6.8958724e-01
 -2.8717396e-01
  1.0924575e-01
  8.1525698e-02
 -3.1315649e-01
 -5.3086275e-01
  8.1383079e-01
 -3.1669188e-01
  2.8559029e-01
  3.0069059e-01
  1.5705997e-02
 -5.8219258e-02
 -1.2928158e-01
  9.0771198e-01
 -1.4537289e+00
  1.6369478e+00
  1.6180857e+00
 -5.7184166e-01
  1.2060487e+00
  1.4956015e+00
  1.9163089e-01
 -2.2381628e+00
 -3.9156756e-01
  1.0905637e-03
 -3.9199466e-01
  2.3833776e+00
 -1.2042202e+00
 -5.7744153e-02
  1.9158056e+00
  5.7354873e-01
 -4.2177206e-01
  3.8947293e-01
 -9.8311025e-01
  6.0421759e-01
 -4.2138949e-01
 -3.3897069e-01
 -4.1761446e-01
  7.1871445e-02
 -3.4652990e-01
  7.3453641e-01
  1.0033226e+00
  4.9416709e-01
 -1.0088390e-01
  7.3197402e-02
 -4.8077321e-01
  4.4301602e-01
  1.9690987e-01
  2.6034904e-01
  1.1825030e-01
  3.8949746e-01
  6.5822595e-01
  1.5943234e-01
 -2.1475834e-01
 -1.5272517e+00
  6.7630655e-01
  1.4996452e-02
  6.0865736e-01
  4.8290312e-01
  4.4700205e-01
 -1.0263627e+00
 -7.1655941e-01
  2.9158926e-01
 -9.1152951e-02
 -2.0129249e+00
 -4.4208285e-01
 -2.1733133e-01
 -1.2416957e-01
 -3.7651590e-01
 -6.3820523e-01
 -3.0906647e-01
 -6.3419268e-02
 -1.2786295e+00
  1.0599654e+00
  2.0276279e+00
 -1.1684533e+00
  9.4696712e-01
  5.0527459e-01
  6.4788783e-01
  2.2312647e-01
  1.2671930e+00
  1.4134871e+00
 -1.3800029e+00
 -1.4425440e+00
 -1.8909128e+00
  1.2960180e+00
  2.1701820e-01
  1.4871702e+00
 -1.6518806e+00
 -9.0099072e-01
 -2.6771953e+00
  3.8910505e-01
  3.3329755e-02
  9.0602957e-02
  1.4888694e+00
 -1.5543662e+00
  2.7720293e-01
 -8.6117864e-01
 -1.2192290e+00
  4.1255436e+00
  3.6072063e-01
  1.9089458e+00
  1.5844820e+00
 -6.9166386e-01
 -9.7676057e-01
  2.3482194e+00
  2.9660354e+00
  1.3015492e+00
 -2.5024362e+00
  5.2714658e+00
 -4.4920412e-01
 -3.9676169e-01
  5.2930459e-02
 -4.2112416e-01
 -1.9006683e-01
  3.5832754e-01
  2.0533492e-01
  1.5542972e-01
  4.4516715e-01
 -1.4637299e-01
  2.8596157e-01
 -1.6948031e+00
  1.1472279e+00
 -2.9256656e+00
 -5.8358097e-01
  4.0205753e-01
  1.3693790e-01
  7.4180239e-01
  3.2821044e-01
  4.2364612e-01
 -5.0207634e-02
  1.2112182e-01
 -6.7021862e-02
 -5.6900245e-01
  7.0051387e-02
 -2.3047221e-01
 -2.7475595e-01
 -2.4911594e-01
 -4.1819695e-01
  5.7978872e-03
  2.7280158e-01
 -3.1946931e-02
 -3.7373859e-01
  2.0135349e-01
 -3.7336066e-02
 -4.6436667e-01
 -1.3502160e+00
  1.8465621e+00
 -2.1879060e+00
 -2.3962367e+00
  5.4647923e-01
  3.3673224e-01
 -5.5969799e-01
  7.2976631e-01
  4.3928942e-01
  3.4755286e-02
 -1.1158816e-01
 -2.4494362e-01
 -4.2809516e-02
 -1.1987954e-01
  8.2991257e-02
  3.5499278e-01
 -2.3929682e-01
  4.7783515e-01
  9.1454960e-02
 -3.9870653e-01
 -1.2570521e-01
  5.9524351e-01
 -7.0698160e-01
  9.4385020e-02
 -8.8987303e-01
  7.2969997e-01
 -7.3856848e-01
  1.5685949e+00
  1.6473818e+00
 -9.0885377e-01
 -3.1252789e-01
  6.0230857e-01
 -6.6061991e-01
  1.7169863e-01
  1.0315691e-01
  1.6333751e-01
  2.8893003e-01
 -1.9693766e-02
  2.3963073e-01
 -1.0184754e+00
 -5.1164085e-01
  1.5629835e-01
 -5.5218494e-01
 -1.8749823e-01
  7.5927961e-01
  2.3172145e-01
 -3.7746355e-01
 -4.9017525e-01
  3.9726235e-02
 -1.6180367e+00
 -2.7081516e+00
 -6.0911149e-01
  9.3934810e-01
  1.4371009e+00
  9.2617780e-01
  6.5506063e-02
  3.4561831e-01
 -1.0486367e+00
 -2.5797722e-01
  9.1423854e-02
 -1.8613233e-01
  4.0670586e-01
  4.6561709e-01
  9.8037668e-02
 -2.5366241e-01
 -3.7821898e-01
 -7.7749372e-01
 -9.8859078e-01
  6.8442702e-02
  4.8815003e-01
  3.2064679e-01
 -1.1259034e-01
  2.2823590e-01
 -2.2162794e-01
 -3.8741508e-01
 -4.1200166e+00
  1.7018970e+00
  3.2293361e-01
 -2.4550521e+00
  4.0001127e-01
  4.2462921e-01
  1.5622814e-01
  5.4136539e-01
  1.3537094e-01
 -1.3912290e-01
 -1.5168703e-02
 -1.8636696e+00
 -7.9264927e-01
 -6.4463991e-01
 -4.8782620e-01
  4.8710260e-01
 -3.4236255e-01
  2.3797244e-01
  8.9831926e-02
 -5.4724270e-01
 -5.0493258e-01
 -1.0859588e-01
  4.6668857e-01
  6.5348849e-02
  2.3105556e-01
  1.1991926e+00
 -1.4028170e+00
  8.5291374e-01
 -9.3579292e-01
 -4.6138611e-01
  2.5283296e-02
  6.9297361e-01
  9.6951705e-01
  4.1673353e-01
  5.8355037e-02
  2.7331826e-01
  3.0530286e-01
  6.1169468e-02
 -5.1033581e-03
 -1.0023284e+00
 -1.4138819e+00
  2.6546162e-01
  2.1674956e-01
 -1.2423929e-02
  2.1593376e-01
  1.5275593e-01
  1.3036105e-01
 -1.8323019e-01
 -2.5761189e-02
 -2.7850449e+00
 -1.0725650e+00
  9.0367830e-01
  2.4928127e-01
 -1.7037085e-01
  1.1446169e-01
 -4.9639207e-01
  5.9858680e-02
  6.8013531e-01
 -3.3630711e-01
 -1.6926904e-01
  4.5292940e-02
  2.1247371e-01
  2.5308296e-01
  1.6231328e+00
 -7.1562260e-02
 -9.4380921e-01
  1.5319117e+00
  1.0411702e-02
  1.4273193e-01
  5.4352558e-01
  1.5548392e-01
  9.1574341e-01
 -1.5999342e+00
  1.8841515e-01
 -7.0637679e-01
 -1.2572496e+00
  1.4512724e+00
 -3.8142642e-01
  3.4533147e-02
  4.0884137e-01
  3.6155054e-01
 -8.3115780e-01
  9.7904599e-01
 -3.6521554e-02
 -5.4038893e-02
  1.5883307e-01
 -1.3949588e-01
  2.7248043e-01
 -1.2767646e+00
 -1.0981943e-01
 -5.8345056e-01
  1.6897400e-01
 -3.5150471e-01
 -8.4002882e-02
  9.8980862e-01
 -2.7674672e-01
  8.8391614e-01
 -1.2311499e+00
  3.2966211e-02
  2.5413969e-01
 -2.5506165e+00
  1.4438239e+00
 -3.4722358e-01
 -4.5762670e-01
  3.5951164e-01
 -1.9797845e-02
  3.8169029e-03
  3.5756925e-01
  1.9278547e-01
 -1.3555671e-01
 -6.5917589e-02
  4.3920982e-01
 -1.7652224e-01
 -2.3590741e+00
  3.4125963e-01
  1.7855310e-01
  1.7195925e-01
  5.4782394e-02
 -7.1409754e-02
  4.4140843e-01
  2.8873354e-02
 -4.5569669e-02
 -1.0829367e-01
  9.6152745e-02
 -2.1806626e+00
  1.4088764e+00
  3.5928038e-01
  8.8459873e-01
 -1.6855469e-01
 -4.1598976e-02
 -2.3500116e-01
 -1.9296888e-01
  1.3838692e-01
 -3.2944831e-01
  6.5790594e-02
 -2.8854966e-01
  6.1137611e-01
 -4.0476549e-02
 -7.9895920e-01
 -5.1194215e-03
  2.1222465e-01
 -3.0725522e-03
  8.6598970e-02
 -1.2684602e-04
  3.3189282e-01
  5.2041352e-01
 -1.1625689e-01
  1.5438598e-01
 -7.7491388e-02
 -1.7453484e-01
  8.0400085e-01
  9.9495733e-01
  3.2575231e+00
  7.5222540e-01
 -1.6214362e-01
 -3.7897252e-02
 -8.6209744e-02
 -2.8017541e-02
 -2.2882295e-01
 -8.2661994e-02
 -2.6487115e-01
  1.5855983e-01
 -2.7243161e-01
  2.2014564e-02
 -9.6528918e-02
 -2.9469034e-01
  2.2991151e-03
 -2.3418191e-01
  4.8961468e-02
 -3.0852070e-01
 -1.7012970e-01
  5.0375670e-01
 -3.1538340e-01
  6.7865790e-04
  5.4031014e-01
 -7.1623266e-01
  1.9427403e+00
 -1.0297018e+00
 -2.2011949e-01
  1.6530746e-01
 -3.2567865e-01
  3.8052073e-01
  2.1081190e-01
 -1.0431855e-02
 -4.3511782e-02
 -5.5684701e-02
  1.1007398e-01
  3.8835305e-01
  3.2558787e-01
  3.4302467e-01
  5.1039327e-02
  4.1567426e-02
  3.7436506e-01
 -6.4150035e-02
  6.2023205e-01
 -5.9305046e-02
 -9.0002829e-01
 -3.3427867e-01
  2.7410414e-02
 -5.3767629e-02
  1.4290912e-01
 -1.0378096e-01
 -3.0003798e+00
  7.8228027e-01
  3.5394978e-02
 -5.7624191e-01
  2.0385244e+00
  6.3394308e-02
 -2.2937401e-01
  2.2093223e-02
 -3.5621265e-01
  6.2030071e-01
  5.8079213e-01
 -4.4402006e-01
  7.4429430e-02
  6.1376456e-02
  2.1202488e-01
  2.6608229e-01
 -4.0912187e-01
  4.5880666e-01
  1.7360879e-01
  1.9902177e-01
  6.5640762e-02
 -1.2261430e-02
 -1.0973892e+00
  9.8974884e-01
 -1.8674265e+00
 -2.3417370e+00
 -1.2092301e+00
 -2.2049920e-01
 -1.1198791e-01
 -3.4064624e-01
 -3.4813806e-01
 -4.9821538e-01
 -2.2012966e-02
  3.4045324e-01
  2.1031278e-01
  4.4715215e-02
 -1.7132502e+00
 -1.3713995e-01
 -2.3903920e-01
  1.9392139e-01
 -5.0831400e-02
  3.0882359e-02
 -3.7147936e-01
  4.0400229e-02
  5.9825808e-01
 -4.0616363e-01
  1.3726191e-01
  1.3254979e-01
  7.5838012e-01
 -8.1333882e-01
  4.4101936e-01
  1.3341330e+00
 -1.3423346e-01
  1.1121665e-01
 -1.2476896e+00
 -7.6309788e-01
  1.2474218e-02
  1.1039940e-01
 -1.2022046e-01
  3.0644479e-01
 -7.8352764e-02
  8.3340442e-01
  4.9821618e-01
  1.6316064e-01
 -1.4102885e-03
 -1.0769232e-01
 -1.3471876e-02
  2.6330069e-01
  3.2557985e-01
  3.2773224e-01
 -2.7103868e-01
 -1.3378605e-01
  1.4834132e+00
 -4.2407873e-01
  1.3623077e-01
  1.8773550e+00
  2.1244316e-01
  2.0531446e-01
 -3.8852856e-01
 -5.7434899e-01
 -2.7180576e-01
 -2.7885303e-01
 -5.4803722e-02
  6.1662331e-02
  3.2627150e-01
  2.5743824e-01
 -1.7508604e-02
  7.3125273e-02
  1.2920168e-01
  1.1863973e-01
  3.3307961e-01
 -1.3458082e-02
  5.1081163e-01
  6.3118197e-02
  5.4933995e-01
  2.5840622e-01
  2.3112293e-01
  1.0958025e+00
 -5.1413941e-01
  4.7673413e-01
  2.2288771e+00
  5.3422803e-01
 -1.0783498e-01
 -2.5427161e-04
  3.3735842e-01
  6.4029478e-02
 -1.0199948e-01
  5.9447938e-01
 -4.8644382e-01
 -1.0524067e+00
  3.8854796e-01
  9.8127460e-01
 -1.6653512e-01
  1.7318554e-01
  1.4043972e-01
  1.6425836e-01
  9.3109109e-02
  1.9716968e-01
 -2.7151638e-01
 -1.3254422e-01
 -2.1761598e-01
  2.7528584e-02
  1.1393988e-01
  4.7091597e-01
  8.1672525e-01
  6.5039176e-01
 -7.8948718e-01
 -2.5691937e-03
 -8.0862693e-02
  4.1900250e-01
  4.1564345e-02
 -2.0342814e-02
  1.1888704e+00
 -8.0935314e-02
  7.7710861e-01
  1.9169629e-01
  1.1251436e+00
  9.6321844e-02
  7.7406541e-02
  3.8399894e-02
  4.0139332e-03
 -1.9224569e-02
 -3.4530717e-01
  2.6765263e-02
 -3.1796998e-01
  5.7858247e-01
  7.6848514e-02
  8.7397188e-01
  9.3023688e-01
 -4.3011501e-01
  1.0006800e+00
  4.4823596e-01
 -2.0699392e-01
 -3.1704223e-01
  8.5582644e-01
  2.8098235e-01
 -2.5784716e-01
 -8.2776889e-02
  4.2333104e-02
 -6.2596130e-01
 -6.9511133e-01
  7.2560847e-01
 -8.0625629e-03
  1.3572258e-02
  1.8090504e-03
 -3.4147424e-01
  5.1566128e-02
 -3.7473184e-01
 -7.9269961e-02
  2.9108188e-01
 -2.1315314e-01
  1.5592416e-01
 -1.6525793e-01
  7.0124930e-01
 -1.6836321e+00
  2.2985005e+00
  2.1447096e+00
 -1.5269676e-01
 -1.0366062e-01
 -2.5320598e-01
 -3.1034398e-01
 -1.3327977e-01
  1.3621700e-01
  4.1154206e-02
 -6.3362569e-03
  5.3982270e-01
 -1.3609171e+00
  4.1845459e-02
  1.7129239e-02
 -9.1907926e-02
 -5.3572763e-02
 -2.2783425e-02
  4.6020812e-01
  2.2413597e-01
 -6.1209798e-01
  4.3184000e-01
 -1.6142813e-02
  3.5698587e-01
  4.2268261e-02
  4.2240780e-02
  2.6358131e-01
 -8.2253236e-01
  3.9017275e-01
  1.8466420e-01
 -2.0620430e-01
  7.9683417e-01
 -2.8869697e-01
 -2.9776755e-01
 -3.4933493e-01
  1.6301991e-01
 -7.0790964e-01
 -4.4688770e-01
 -9.4094686e-03
 -1.6496887e-02
  8.8209496e-04
 -3.4008291e-02
  1.3844343e-02
 -4.9356887e-01
 -1.4004843e-01
  4.5388725e-02
 -8.0076948e-02
 -2.8427500e-01
  2.0626746e-02
  7.9309154e-01
 -3.7580833e-01
 -2.7637839e+00
 -7.6821876e-01
 -4.9357799e-01
 -1.2910207e-01
  2.9112778e+00
 -5.6320763e-01
  1.6075948e+00
 -1.0303289e-02
 -1.3842632e-01
  2.0772247e-01
 -3.0405334e-01
 -1.3113912e+00
 -2.5073461e-02
 -5.9362106e-02
 -1.5450329e-02
  2.1731554e-01
 -2.4944875e-02
  4.1082272e-01
 -3.6334670e-01
 -2.2291781e-01
 -4.5813477e-01
  8.2001105e-02
 -1.5137520e-01
 -1.0316567e+00
 -1.2912151e+00
 -1.8510867e+00
  1.6348922e+00
 -2.8924978e-01
 -8.3517924e-02
 -2.6921773e-02
  9.3255304e-02
  1.2377425e-01
  1.8208721e-01
 -2.4641624e-01
  5.7611275e-01
  1.2782711e+00
  6.5200466e-01
  1.2872583e-01
 -5.9620300e-03
 -3.4549236e-02
  3.3022002e-03
 -5.2278090e-02
  2.8821874e-01
  3.7281367e-01
  9.1083467e-02
 -2.2644764e-01
 -1.3483748e-01
 -1.0754813e-01
  1.3677121e+00
 -3.6307600e-01
 -9.0557539e-01
  5.8903110e-01
  1.4915796e-01
 -5.3741926e-01
 -5.6442821e-01
 -1.3479061e-01
 -4.2604896e-01
 -4.0430638e-01
  1.5438166e-02
  7.0848936e-01
  7.9312134e-01
 -1.1749063e+00
 -1.4657351e-01
  1.2255191e-01
 -3.9126262e-02
  6.5727510e-02
 -1.6975260e-01
 -4.6496250e-02
 -5.4015064e-01
 -3.3982307e-01
 -2.1576150e-01
  4.0799151e-03
  4.3694675e-01
  1.0129662e+00
 -5.0911063e-01
  1.7456201e+00
 -4.4041312e-01
 -4.2505763e-02
  1.9715582e-01
 -7.7151126e-01
  5.5005796e-02
 -1.6589102e-01
 -9.6272811e-02
 -9.7930588e-02
 -6.4459652e-01
  1.5907845e-01
 -1.8318334e+00
 -1.9732073e-02
  2.2256095e-02
 -6.3981414e-02
 -3.4017369e-02
  1.4921612e-01
 -5.3793639e-01
 -9.0879798e-02
 -7.8019857e-01
 -3.8745078e-01
 -2.8534995e-02
  4.8897576e-01
 -1.5131499e-01
 -7.3036999e-01
  1.2596729e+00
 -1.1499689e+00
 -3.6715263e-01
  2.5674915e-01
 -1.2647568e+00
  5.6872940e-01
 -6.7950403e-03
 -2.6294467e-01
 -3.5503706e-01
 -1.6223487e+00
  2.7145013e-02
  2.3072100e+00
  3.7044127e-02
  2.5254002e-02
 -8.3430283e-02
 -1.2309046e-02
  1.2598141e-01
 -4.6351773e-01
  2.2260112e-01
 -1.3945560e-01
 -5.6538764e-02
 -7.0843725e-03
  5.7196236e-01
 -1.7211210e+00
 -7.0089567e-01
  9.6685112e-01
 -5.5507582e-01
 -5.9717212e-02
 -2.4282862e-01
 -1.0134034e-01
  7.0631921e-01
  2.4293734e-01
  5.7439223e-02
 -1.5103617e-01
  1.4674023e+00
  6.0285795e-01
  6.1445785e-01
 -1.2503271e-01
 -1.8545698e-01
 -8.4636703e-02
  5.8633089e-02
  1.9440364e-02
 -1.5638870e-01
 -4.7443051e-02
 -1.2161792e-02
 -5.9937824e-02
 -6.1324660e-02
  1.5032132e+00
  1.6784388e-01
 -1.4101584e+00
 -9.4067127e-01
 -5.4606569e-01
  1.3517378e-01
  1.5305477e-01
 -8.8736242e-01
 -1.4195381e-01
 -7.3324507e-01
  2.7073115e-01
  9.9157169e-02
  8.8980818e-01
  2.2368525e-01
  1.0047848e+00
 -7.5074315e-02
 -1.6453098e-01
  1.3068745e-02
  8.0791628e-03
 -9.3477704e-02
 -1.5689032e-01
 -4.1337788e-02
  2.9756123e-01
 -7.2837390e-02
  6.1064903e-02
  2.6709743e+00
  1.7580453e+00
 -5.9355009e-01
  3.3553858e+00
  1.9340010e+00
  7.4154057e-02
  7.6446787e-02
 -1.9921683e-01
 -1.9065414e-03
 -1.8464851e-01
 -2.2579481e-01
 -4.3265354e-02
 -8.5685374e-03
  4.1342378e-02
  4.6235585e-01
  3.0730447e-02
  7.6966368e-02
  5.1346179e-02
  1.1219557e-01
 -2.5590953e-01
  2.9660779e-01
  1.5005219e-01
 -4.0763459e-01
  1.9850215e-01
 -1.0016279e-01
  5.6283998e-01
 -5.3441191e-01
  2.7535353e-02
  7.3632360e-01
  5.8845282e-01
 -5.4779183e-02
  8.8143967e-02
 -7.8622162e-02
 -1.5389603e-01
  1.1908975e-01
  3.1127609e-02
  4.2436054e-01
  2.9781324e-01
 -1.6917269e-01
 -2.6428825e-01
 -1.6641654e-01
 -1.3606533e-01
 -1.0036197e-02
 -1.1174012e-01
  1.4535631e-02
 -4.0779418e-01
 -1.7611162e-01
  2.3153529e-01
 -6.2272321e-02
 -9.2991568e-02
  1.2029843e+00
  8.7005651e-01
 -2.9662821e-01
 -4.1361470e-02
 -7.3495758e-01
 -8.9715971e-03
  1.7482749e-01
  1.0172243e+00
 -9.0119988e-02
 -2.6400192e-02
 -8.7782450e-02
  2.5893107e-01
  6.2975603e-01
  6.6718167e-01
 -9.3080038e-01
 -8.9411646e-02
 -6.6328056e-02
 -1.5522185e-01
 -1.8127747e-01
  8.1217214e-02
 -3.5833704e-01
 -1.4210716e-01
  1.1517110e-02
 -2.4780756e-01
  1.5341749e-02
  6.0104436e-01
  3.5425587e+00
 -1.4733931e+00
  1.2104830e+00
 -4.1563311e-01
  2.4540508e-01
 -2.1885827e-02
 -2.2631216e-01
  8.5657947e-02
  3.7948247e-02
  2.5272167e-03
 -2.0783572e-02
 -2.4691927e-01
 -2.4301434e-01
  8.6635448e-02
  6.7069486e-02
  6.6730864e-02
 -7.8506887e-02
  4.9725313e-02
  8.3929755e-02
  2.7997276e-01
  3.3681092e-01
  7.8548037e-02
 -8.1239179e-02
 -1.6249660e-02
 -1.6148652e+00
  7.7211607e-01
 -1.3037587e+00
  1.7480159e+00
 -9.5481563e-01
  1.1921001e-02
  1.0629876e-01
 -1.1003556e+00
 -1.1216620e-01
 -1.7051287e-02
 -8.5129730e-02
  1.3548517e-01
  7.1539409e-02
 -1.5876567e-01
  2.5801296e+00
 -1.8477263e-01
 -1.1150856e-01
  1.6762936e-01
 -3.6050294e-02
 -4.2217311e-02
 -2.8167790e-01
 -2.5653109e-01
 -2.2777025e-01
 -1.7360908e+00
  8.1749253e-02
 -3.3254650e-01
 -8.5755861e-01
 -1.3337147e-01
  1.5488261e-01
  1.0121877e+00
 -2.1100888e-01
  3.1027994e-01
 -4.8687395e-02
  5.5667591e-01
  1.6970849e-02
 -4.8568933e-03
  3.6624420e-01
  2.1978325e-01
 -1.3462973e-03
 -5.9948289e-01
  1.0421471e-01
 -3.3888772e-02
 -4.4121770e-03
 -1.0761485e-01
 -7.3107791e-01
 -2.9120174e-01
 -1.9471218e-01
 -7.7893400e-01
 -6.1351497e-02
  4.4443145e-02
  2.2754819e+00
  3.4354743e-01
  8.4307693e-02
 -8.0346256e-01
  6.0132283e-01
  1.2311818e-01
  1.0488701e-01
  1.9802952e-01
 -4.9658239e-01
 -2.2489835e-01
  2.9425785e-01
  2.0618415e-01
  1.2745491e+00
  5.2981448e-01
 -5.7418150e-01
  5.6026503e-03
 -6.4765155e-02
 -1.4355814e-01
 -2.4082008e-01
 -1.0799139e-01
 -2.8058824e-01
  9.2493102e-02
 -9.9242605e-02
  6.9441602e-02
  4.9484711e-02
  8.8450527e-01
  1.7609181e-02
 -2.7469784e-01
 -3.5015938e-01
  6.4058453e-01
 -2.6649707e-03
  1.3840781e-01
 -4.8791006e-01
 -3.3730685e-03
 -1.8717591e-01
  9.8289981e-02
  4.8093162e-02
 -5.0332600e-01
 -1.6478127e-01
 -2.8634045e+00
 -3.2214844e-01
 -6.2865295e-02
 -3.1035948e-01
 -2.4801889e-02
  8.6263463e-02
 -3.5758018e-01
 -4.1654533e-01
  2.4860638e-01
 -1.7129709e+00
 -8.4879853e-02
  2.2291131e-01
 -1.0619445e+00
 -5.0442733e-02
 -8.0709225e-01
  2.9438400e-01
 -2.4092704e-01
 -4.2385980e-01
 -6.6878116e-01
 -2.8859967e-01
  1.0245901e+00
  1.5056205e-01
 -4.9032424e-02
  4.0400961e-01
 -3.0216840e-01
  1.8545680e-01
 -1.2091671e-01
 -1.0745236e-01
 -9.7546421e-02
 -1.0610583e-01
 -7.2353214e-02
 -4.7066113e-01
 -3.0578569e-01
  8.5071796e-01
 -9.1406566e-01
 -9.2838965e-03
 -6.9962993e-02
 -2.4292998e+00
  6.8264824e-01
 -2.9565423e+00
 -2.7333726e-03
 -1.2474150e-01
 -2.2472021e-01
  2.6201352e-01
 -1.2040958e+00
  4.6976437e-03
  1.4968157e-01
  3.8382271e-01
 -1.6685226e+00
 -3.1754874e-02
 -1.5956201e-01
  6.0616601e-02
  1.6614915e-01
  6.8750940e-02
  2.1072963e-01
 -1.1418959e-01
 -1.3008327e+00
  4.8268908e-01
 -1.1983175e+00
  1.9417126e+00
  3.7096966e-02
  7.6480085e-01
  2.5013835e+00
 -1.2160655e+00
  8.0679321e-01
 -1.1020626e+00
  3.2739383e-01
  1.2151611e-01
 -2.7274948e-01
  7.0961529e-01
  1.9378279e-01
 -2.8306189e-01
  1.0710445e-02
 -1.2799046e+00
 -2.3758776e-01
 -1.6610601e+00
 -1.2724549e-01
 -1.1253838e-01
 -1.9535461e-02
 -2.3136660e-01
  1.0383692e-01
 -1.1612958e+00
 -5.2799785e-01
  6.7573363e-01
 -3.1329390e-01
 -7.9943284e-02
 -9.2648429e-01
  1.8358324e-01
 -7.6107882e-02
  1.5961409e+00
  1.0777222e+00
 -3.9711580e-01
 -2.2112614e-01
 -2.4661551e-01
  4.2392746e-01
  1.6753589e-01
  3.3073747e-01
  1.1072108e-01
  1.7141014e-01
  1.2610884e+00
  1.9368682e+00
 -4.4626918e-02
 -1.7391472e-01
 -7.0467301e-02
 -2.1564400e-01
  8.4108770e-02
 -1.0077410e+00
 -5.8287942e-01
  4.0858053e-02
 -9.8993015e-01
  2.5789086e-02
  1.1389316e+00
 -2.5928392e+00
 -1.9979999e+00
  7.7083617e-02
  1.6607728e+00
 -2.6153210e-01
 -6.3432269e-02
 -1.1728550e-01
  2.0318775e-01
 -1.5070012e-01
 -1.3745432e-01
  1.0843020e-01
  2.9261332e+00
 -1.6000392e-01
  2.5318675e+00
  2.8816931e-02
 -2.9293048e-01
 -8.8592149e-02
 -2.3200179e-02
 -2.5256978e-02
  5.3515756e-01
 -1.2887083e+00
  1.5046076e-01
 -5.4391819e-01
 -1.4956437e-01
  2.1825440e+00
 -1.1730583e+00
 -1.3348986e+00
 -2.1629998e-01
 -2.6006335e-01
  1.8563238e-01
 -2.7629462e-01
 -6.0387224e-01
  7.8693479e-03
  1.3316594e-01
  3.7406769e-01
 -3.2580125e-01
  5.4851562e-01
 -6.0777932e-01
 -9.8078740e-01
 -5.5589563e-01
 -1.0491738e-01
 -6.8566047e-02
  1.0638288e-01
  6.0290159e-03
 -7.0822227e-01
 -3.5224200e-04
 -3.4671292e-01
 -1.0053197e-02
  4.4330020e-02
  7.3153839e-02
  1.8181516e-01
 -5.3500235e-01
 -4.7463578e-01
 -7.9774803e-01
  1.0711588e-01
  1.8884003e-01
 -3.6254042e-01
 -2.7533281e-01
  1.7165922e-01
 -2.6191670e-01
  5.1569704e-02
 -6.7300755e-01
  1.6431664e-01
 -1.8765137e+00
 -5.8424976e-02
 -2.4039091e-01
 -6.3542098e-02
 -1.0415678e-01
 -1.1357558e-02
 -1.0097545e+00
 -6.3676727e-01
  9.6886981e-01
 -4.9480551e-01
 -1.6548216e-02
 -6.5938449e-01
  9.8923302e-01
  4.2750549e-01
 -5.2954700e-02
 -5.8029497e-01
 -3.7355042e-01
  2.5545139e-04
 -7.9791629e-01
  8.3949471e-01
  1.1326768e-02
  1.8245223e-01
  4.3690570e-02
  8.5612190e-01
  2.7546316e-01
 -3.0489919e-01
  1.6636901e-01
 -1.9821508e-02
 -2.1731821e-01
  5.2905526e-02
 -6.1206490e-02
  2.3039150e-01
 -9.0002489e-01
  2.7093431e-01
 -9.4092977e-01
 -5.0238948e-02
 -1.3526458e+00
  4.4079092e-01
  2.0327224e-01
 -1.6977534e-01
 -2.1625526e-01
 -2.4257819e-01
 -3.5836648e-02
 -4.3950680e-01
  7.5763762e-02
  5.8588850e-01
 -5.5659398e-02
  1.1490218e-01
  4.5003527e-01
  2.6485565e-01
  2.0931404e+00
 -6.3865203e-01
  4.0771648e-01
  9.7106713e-01
 -1.7716256e-01
 -5.1948924e-02
 -1.1174564e+00
 -5.0578409e-01
 -2.0885858e-01
 -1.7052326e-01
 -4.6369206e-02
 -3.1626880e-02
  1.4496334e-01
 -1.6937094e+00
 -7.7893686e-01
  1.0393875e+00
 -9.5062035e-01
 -6.9434220e-01
  1.0069635e+00
 -1.5785578e-01
 -2.9347816e-02
  5.6076106e-02
  2.4763797e-03
 -3.8860795e-01
  7.0176536e-01
  8.4500410e-02
 -7.4042133e-03
  1.3164414e-01
  4.9121905e-02
  2.8648496e-02
  1.1817902e-01
 -3.4904122e-01
 -1.7298485e-01
  1.8856777e-01
  1.3573258e-01
  1.2868536e-01
  3.4276918e-02
  5.9944338e-01
  2.3224726e-01
  1.3005755e+00
  1.8973552e+00
 -5.5497336e-01
 -3.8382965e-01
  5.3492391e-01
 -6.3110489e-01
 -3.6526096e-01
  6.3123154e-03
  3.5123795e-02
  2.9322174e-01
  2.4692376e-01
  1.0934532e+00
 -4.1657805e-01
  4.8516054e-02
  3.8750845e-01
 -1.6337974e-01
 -2.2088291e-01
 -1.6367402e+00
 -1.9945437e-01
 -2.4917684e-01
 -1.8391116e-01
 -6.5063618e-02
 -7.6954293e-01
  2.9263240e-01
  1.4880656e+00
 -2.0074067e+00
 -2.4862719e+00
 -5.7453379e-02
 -1.0457218e-01
  1.6153638e-01
 -4.8669279e-02
  3.0727303e-01
 -4.8205897e-02
  1.0532455e-01
 -4.3168861e-02
 -9.3397391e-01
  1.1886377e+00
 -7.7804524e-01
  6.6271496e-01
  9.6296054e-01
 -1.3461676e-01
 -5.3439181e-02
 -1.1574421e+00
 -5.5865979e-01
 -7.5056857e-01
 -3.0675426e-01
  1.1246029e-01
  1.5797542e-01
  2.5285258e+00
 -7.3706351e-02
 -1.9883952e-01
 -9.8012131e-01
 -5.9822863e-01
 -3.8629836e-01
 -6.9511640e-01
  9.1181469e-01
  1.5570493e-01
  1.1917949e-01
 -1.7367657e-01
  1.2157577e+00
 -4.4485170e-01
 -4.9549174e-01
  1.0851812e-01
  3.5229477e-01
 -6.3929868e-01
 -8.6384013e-02
 -1.1853069e-01
 -3.8734877e-01
 -5.9214298e-02
  3.4089252e-01
  1.6411094e-01
 -1.2071534e-02
 -7.5880092e-01
  2.3430581e+00
 -9.4543922e-01
  3.3518362e+00
  2.7210255e+00
 -6.0001802e-01
 -1.0633123e+00
 -2.8643957e-01
  5.4491937e-01
 -2.7326402e-01
 -9.7145292e-04
 -1.7584699e-01
 -3.2527876e-01
 -4.2404059e-02
 -1.3430877e+00
 -9.2261344e-01
 -1.5691979e-01
  3.1111917e-01
  1.5969189e-01
 -3.1763881e-02
 -2.5979939e-01
 -1.0819168e-01
  3.7387040e-02
  1.1693536e-01
  3.1892378e-02
 -6.5136135e-01
 -2.4360390e+00
  9.2863470e-01
  3.1288731e+00
  3.0038637e-01
  1.7375620e-01
  1.0156269e+00
  5.7546794e-02
 -1.3347046e+00
  2.0316257e-01
  4.4721704e-02
  7.6130241e-02
 -1.6135757e-01
  4.0707189e-01
  1.9732546e+00
 -3.7201819e-01
  1.2445670e+00
  6.0482746e-01
 -3.7597978e-01
 -6.7390464e-02
 -1.0412387e+00
 -7.9845506e-01
 -1.1557879e+00
 -7.7629483e-01
  7.6117039e-02
  1.3677514e+00
 -1.4585562e+00
 -3.3239773e-01
  2.7996197e-01
 -9.4741505e-01
 -7.8823286e-01
 -2.4016373e-01
  6.7479694e-01
 -6.4061522e-01
  4.9921948e-01
  1.0039304e-02
  2.8517792e-01
  9.9814236e-01
 -3.1958912e-02
  3.5412064e+00
 -1.1593171e-01
  1.4529138e+00
 -5.2592027e-01
  1.5204041e-01
 -4.5118317e-02
 -4.4602332e-01
 -1.3641093e+00
  9.5282984e-01
  3.3128324e-01
 -3.3434860e-02
  1.8400306e+00
  1.3146181e+00
 -7.9060370e-01
 -9.1375595e-01
 -3.2206759e-01
 -5.6215054e-01
 -9.6809304e-01
  1.5000887e+00
 -4.1562030e-01
 -2.8438786e-01
 -6.0535740e-02
 -6.6725008e-02
  2.6309115e-01
 -1.6198473e-01
  9.7731823e-01
 -1.0292449e+00
  3.3098884e-02
 -2.2966023e-01
 -6.1097104e-02
  7.5673506e-02
 -1.7903832e-01
 -4.2004651e-01
  2.7857780e-01
  2.8822041e-01
  1.6363436e-01
  7.4276304e-01
  1.5090687e+00
 -3.6091322e-01
 -6.1966252e-01
  1.4195826e+00
 -1.4899302e-01
 -5.4167271e-01
  4.7824046e-01
  4.1482827e-01
 -2.2135897e-01
 -1.0959996e-03
 -1.8242167e-01
 -1.2592590e-01
 -3.7874377e-01
 -3.2856317e+00
  4.7285697e-01
 -7.5732440e-01
 -3.9127710e-01
 -6.5397435e-01
 -1.1939247e-01
  1.2168475e-01
 -4.3136790e-01
 -1.7795088e+00
 -4.6549892e-01
  9.7693183e-02
  1.3494780e+00
 -1.2334579e+00
  1.6946462e+00
 -1.8737291e-01
  5.3822649e-01
  1.0870922e+00
  1.3842579e+00
  1.3996969e+00
  5.5207491e-01
  4.0281206e-01
  4.0296915e-01
  1.5484557e-01
 -2.4930345e-01
  2.8509623e-01
  4.8545003e-02
  1.5901835e-01
 -2.4993342e-01
 -5.4580837e-01
 -1.9290553e-01
 -3.0084613e-03
  1.4116915e-01
 -7.1352631e-02
 -5.9527558e-01
  5.2272332e-01
  3.3245370e-02
 -6.9298595e-02
 -5.5423325e-01
  6.9876981e-01
 -3.0880198e-01
  3.1144342e+00
  2.3523811e-01
  9.0217307e-02
 -2.4171672e+00
 -3.1923151e-01
  2.9204851e-01
 -2.2773584e-02
 -3.7539884e-02
  9.4569258e-02
 -3.9267190e-02
 -9.5488203e-01
  1.2598157e-01
  4.7998704e-02
  1.4048523e-01
  2.8047150e-01
 -3.7360430e-02
 -2.0228508e-01
 -1.6736601e-01
  2.9127586e-01
  7.3968865e-02
 -1.5659805e-01
 -7.1334630e-01
  9.2869170e-02
 -1.8239607e+00
 -1.1766227e+00
 -2.2052090e+00
  1.0689128e-01
 -8.4784493e-02
  4.4452423e-01
 -2.9439744e-01
 -1.2462222e-01
  3.9538637e-01
  1.4976262e-01
  1.6220604e-01
  3.6016101e-01
 -1.5135574e+00
  4.6456409e-01
 -8.8604647e-01
 -5.6803489e-01
 -2.6756087e-01
 -7.5641736e-02
  3.9508113e-01
 -4.2718747e-01
 -2.3918006e-01
  1.6234487e-01
  2.2817414e-02
 -1.2419370e-01
  5.0430858e-01
  1.3268455e+00
 -1.0980523e+00
  2.2190957e-01
  6.5356284e-02
  5.1999730e-01
 -7.7483094e-01
 -1.4957213e-01
  4.3525785e-01
  2.2691183e-01
 -6.1692469e-02
 -6.5153104e-01
  1.1914786e-01
 -6.6984928e-01
 -1.6644205e-01
 -2.3096219e-01
 -5.2893341e-01
 -6.1265761e-01
 -1.2173548e-01
 -2.1620865e-01
 -1.1360530e-01
  8.6523354e-01
  2.9935691e-01
  9.2100753e-03
 -2.2314661e+00
 -5.9236717e-01
  2.1502306e+00
 -1.0151682e+00
  1.1144006e+00
 -3.4528628e-01
  4.1567808e-01
 -2.1383996e+00
 -5.9508723e-01
  3.9916515e-01
  3.2918330e-02
  2.3050515e-02
  3.2063547e-01
  1.6483177e-01
  2.6358726e+00
  4.6694994e-01
  4.0667556e-02
 -5.2289736e-02
  5.7347876e-01
 -1.9598131e-01
 -1.0825502e-04
  9.5083565e-01
 -2.6258705e-02
  4.9338093e-01
  8.0064140e-02
 -7.3187065e-01
 -1.6542954e+00
 -1.9370828e+00
  7.0858544e-01
  1.7769399e+00
  1.3574421e-01
  5.2982199e-01
 -1.6121037e+00
 -2.7699479e-01
 -1.2294144e-01
  2.2975582e-01
 -1.8216145e-01
 -1.2013597e+00
 -1.7597240e-01
 -3.7354128e+00
  2.3801813e-01
 -1.0433578e+00
  1.0022613e-01
 -5.2783048e-01
  6.8258211e-02
  1.7640075e-01
  7.1076959e-02
 -1.2093698e+00
 -3.8888866e-01
  4.2411152e-02
 -9.6927233e-02
 -1.0476691e-01
 -5.3724173e-02
  1.1628650e+00
 -5.5943298e-01
  2.6105332e-01
  4.4723254e-01
 -1.2188356e+00
  3.9501518e-01
 -3.7768856e-01
 -1.5601347e-01
 -1.4294508e-01
  4.9477395e-01
  3.7149012e-01
 -2.1638796e+00
 -1.2881604e-01
 -9.9551849e-02
 -4.4450486e-01
 -7.7706045e-01
 -1.9959843e-01
 -2.0879458e-01
 -6.7454064e-01
  7.1148777e-01
  8.4338024e-02
 -1.8621086e-01
 -5.5338198e-01
  1.6281812e-02
  2.1902926e+00
  7.2540885e-01
 -6.0370237e-01
 -5.7244998e-01
  1.7080589e-01
 -8.5818219e-01
  9.8800600e-01
 -2.6514038e-01
  2.4245544e-01
  8.5825533e-02
 -5.1244173e-02
 -4.2392617e-01
  2.8196983e+00
  6.9303179e-01
  3.4819599e-02
 -1.0140811e+00
 -1.6669961e-02
 -7.4721716e-02
  3.0575281e-01
 -2.2092809e-01
  3.7757561e+00
  2.6851907e-01
 -4.3475430e-02
 -1.2826544e+00
  2.1625876e-01
  1.6692770e+00
 -3.2238501e-01
 -1.0624484e-01
 -6.2231906e-02
 -1.5324406e-01
 -1.1046789e+00
  4.2854241e-01
 -7.6276398e-01
  1.1197331e-02
 -2.5171258e-02
 -8.4417677e-01
 -1.9201198e-01
  8.4013170e-01
  6.4033203e-02
 -3.5748843e-02
 -7.4047703e-01
  1.8968616e-01
 -1.6861635e-01
 -1.5373248e-01
 -4.5814618e-01
 -1.6170182e+00
  1.0106492e+00
 -5.7857361e-02
 -1.0535817e-01
  2.0127978e+00
 -1.0787596e+00
 -2.5040713e-01
 -4.8552582e-01
 -2.2014964e-02
  1.0792536e+00
  7.0703775e-01
  1.0329585e+00
 -7.4608900e-02
  2.3855139e-01
  1.4083442e-01
 -1.4331797e+00
  1.1640112e+00
 -9.2784369e-01
 -2.6266871e-02
  4.6069935e-02
 -2.9423538e-01
 -1.1834105e-02
 -6.1822046e-02
  2.7594514e-02
  1.7927901e-01
 -6.1148190e-01
  2.2888738e-01
 -9.4308823e-02
 -1.1574122e+00
 -2.1096926e-02
 -2.2690275e+00
  1.8252579e+00
 -4.9185154e-01
  1.4355705e-02
  5.2485490e-01
 -1.7456920e-01
  2.5340064e+00
 -5.0297028e-01
 -9.0404794e-02
  9.5928214e-02
 -2.9043159e+00
 -1.7058560e-01
 -2.5857151e+00
  2.3121960e-02
  1.7668717e-02
  1.6840403e-01
  4.3276463e-02
 -4.2767584e-02
  2.3248209e-01
 -2.8049058e-01
  4.2776677e-01
 -2.1758585e-01
 -6.9843777e-02
  2.9413455e+00
  9.6266747e-01
  5.6099528e-01
  1.6109683e-01
  5.4918760e-01
 -5.9928828e-01
  4.5165598e-02
 -4.2554134e-01
 -5.8587211e-01
  2.4773425e-01
  7.9173833e-02
 -5.2696778e-03
  1.9485397e+00
 -5.5922431e-01
  1.4169567e+00
  3.7317909e-02
  4.4820947e-03
 -6.0566604e-01
  1.1358944e-01
 -1.4304292e-02
  1.9480834e-02
  4.8514965e-01
 -7.4974096e-01
  6.0213648e-02
 -4.2107973e-02
  1.6555876e+00
  1.8715745e+00
 -7.0437390e-01
  7.9805553e-01
 -5.2204674e-01
 -2.0964371e-01
  8.1332946e-01
 -2.7443886e-01
 -8.3457220e-01
 -1.1190365e-01
  1.0363244e-01
 -1.3345641e-01
  1.2701430e+00
 -1.1215577e+00
 -8.3848941e-01
  1.2139772e-01
  9.2147797e-02
 -8.3056784e-01
 -8.2843475e-02
  9.2040636e-02
 -3.0811247e-01
 -1.1330993e-01
 -1.5710038e+00
 -3.4630314e-01
 -5.5127274e-02
 -7.3457074e-01
  6.7595923e-01
 -8.0593389e-01
  7.3389393e-01
  1.6198244e-02
 -1.4744581e-01
  9.6722537e-01
 -3.2040676e-01
  8.6677659e-01
 -8.3843672e-01
  2.2683242e-02
 -5.5787731e-02
 -3.1723833e+00
  1.0658477e-01
 -2.7651293e+00
  2.0326810e-01
 -2.6491055e-01
  6.7424589e-01
  1.7859319e-02
  1.1244176e-01
  8.0998534e-01
 -2.6294878e-02
  6.4223909e-01
  3.9327934e-01
  1.1106212e-01
  1.4492105e+00
 -6.4211053e-01
 -5.1609862e-01
  4.9310327e-01
  1.6697538e+00
  3.4760076e-01
  8.3728358e-03
 -6.3652056e-01
  9.3850845e-01
  3.2037336e-02
  2.2034296e-01
  7.8343138e-02
 -5.6512314e-01
  1.2272383e+00
 -2.5429845e-01
  7.1840420e-02
  7.4738197e-02
 -7.3963588e-01
  2.6400083e-01
  4.5453947e-02
 -6.3584232e-01
 -1.9146481e-01
 -1.0406709e+00
  2.7212793e-01
 -4.9801543e-02
  8.0171132e-01
  2.2697349e+00
 -1.6543379e+00
  1.6395523e-01
  5.2767944e-01
 -8.9533642e-02
  6.8987989e-01
  1.5139802e-01
  2.0368731e-01
 -6.0421354e-01
  1.8175566e-01
  4.9693063e-02
  7.2020429e-01
  6.3349700e-01
  1.7828525e+00
  8.0803268e-02
  2.3692675e-01
 -8.4306121e-01
  1.3940105e-01
  4.7967337e-02
 -6.4584285e-02
 -2.7643114e-01
 -1.2490801e+00
 -1.4958358e-01
 -5.8009051e-02
 -9.7356039e-01
  1.9299994e+00
 -1.1111469e+00
  2.1262109e-01
 -1.4392035e+00
 -2.0810221e-01
  7.4654305e-01
 -5.0670537e-03
 -6.0738444e-01
 -4.2603612e-01
  7.3245138e-02
  9.2998385e-02
 -1.1486236e+00
 -6.7774397e-01
  9.3852437e-01
 -6.7179158e-02
 -1.2825443e-01
  3.6097980e-01
 -1.3109294e-02
 -1.2028786e-02
  9.5632988e-01
  2.5451407e-01
 -4.3999603e-01
 -3.0761221e-01
  1.4184237e-02
 -1.4278758e+00
 -8.1621505e-02
 -1.1752559e-01
 -2.4532618e-02
 -6.4012468e-01
 -3.6973193e-02
  3.5162577e-01
  1.3814035e-01
 -7.5104457e-01
 -4.5336336e-01
 -2.5003463e-01
  3.1992879e-02
 -1.8711321e+00
 -4.3759027e-01
 -1.7994416e+00
  6.9834754e-02
 -4.1769439e-01
  1.1890259e-02
  3.9090630e-01
 -1.8269200e-02
  1.7931680e-01
  5.1895845e-01
  1.0590531e+00
  1.7799085e-01
 -8.2433783e-02
 -5.0129467e-01
  1.0781519e+00
  4.9598089e-01
  1.4946004e+00
 -1.5453083e-02
  9.3341434e-01
 -3.7441412e-01
 -1.6943542e+00
  1.5178360e+00
 -1.5372427e+00
 -2.1342263e-01
 -1.2226413e-01
  2.1779757e+00
  7.5689965e-01
 -4.3538955e-01
  6.0219914e-03
 -7.9659745e-02
  3.2924032e-01
 -8.9193039e-02
  2.1968389e-02
  1.2026809e-01
  5.9805639e-02
  4.8381874e-01
 -1.2965962e-01
  3.1696749e-04
 -1.5301256e+00
  3.7148738e+00
 -6.8780363e-01
 -1.4136797e+00
 -1.3427372e+00
  2.7217609e-01
 -3.3881668e-02
 -7.8994542e-01
 -8.1628507e-01
  1.8003859e-01
  1.4059789e-01
 -1.5034794e-02
  2.1985245e+00
  3.3780918e-01
 -2.7965185e-01
  3.0449724e-03
 -2.1545333e-01
 -4.3327308e-01
  4.4235587e-03
 -3.4252770e-02
  1.6236264e-01
  4.3184564e-01
 -9.2514473e-01
 -2.9818791e-01
  1.3532508e-02
  5.7903987e-01
 -2.5049720e+00
  5.3241009e-01
 -1.2462740e+00
 -1.4244527e-01
  3.6125275e-01
  3.7749776e-01
  1.7166023e+00
  3.5460380e-01
  2.8527093e-01
 -1.5577343e-01
 -3.4376580e-02
 -3.0851300e+00
 -6.2496227e-01
 -1.4690380e-01
 -1.0478261e-02
 -3.4707326e-01
  1.2949701e-01
  1.7445770e-01
  4.0443096e-02
  2.3680083e-02
  5.8689648e-01
  5.9201545e-01
  5.0128680e-01
 -7.3709778e-02
 -1.8123415e+00
 -7.8088951e-01
  6.4734793e-01
  7.0832698e-03
 -2.8332070e-01
 -8.9232785e-01
  3.3861455e-01
  6.1939353e-01
  3.1171843e-01
  6.2699521e-01
  4.5595056e-01
  2.3566246e-01
 -9.2457187e-01
  2.5073072e-01
  1.2843937e+00
  1.3867029e-02
 -9.2449605e-01
  7.2491944e-01
 -1.3947323e-01
 -1.2433252e-01
 -2.9597657e-02
  1.5286395e-01
  9.9662846e-01
 -1.6221982e-01
 -9.7839795e-02
  7.6542175e-01
  4.0138569e+00
 -1.0072759e+00
 -2.8742829e-01
 -1.1022496e+00
  2.4720423e-01
 -4.5066518e-01
 -1.2495914e+00
 -9.2354351e-01
  8.9340299e-01
 -2.2324589e-01
  2.9471140e-02
  3.9768653e+00
  5.5874228e-01
 -3.2165859e+00
 -9.6625589e-02
 -1.5852013e-01
 -9.4652432e-01
 -8.3729722e-02
  5.2393872e-02
  3.1918067e-01
  3.2304403e-01
 -2.2064908e+00
 -2.9532859e-01
  4.7844514e-02
  1.2982988e+00
  2.1531312e+00
  1.6312027e-02
  3.8319501e-01
  2.3714118e-01
  3.5927710e-01
  3.1639588e-01
 -3.1226556e+00
 -1.3477483e+00
  2.8808174e-01
  3.1088716e-01
 -2.8164908e-03
  1.0937363e+00
  1.0781469e-01
 -1.9674699e+00
  1.3796017e-02
 -3.6899039e-01
  1.7039944e-01
  9.0185806e-02
  7.8552127e-02
 -5.3755194e-02
  4.2850107e-01
 -4.9297586e-01
  2.1866260e-01
 -4.0221527e-02
  3.6037460e-01
  1.4141564e+00
 -7.0064610e-01
 -6.8965697e-01
  4.6617791e-01
  1.5507549e-01
  4.5076215e-01
 -4.1338646e-01
 -7.0305151e-01
  4.6971625e-01
 -1.4712183e-01
 -3.2248616e-01
 -1.5417607e+00
 -1.1022182e+00
 -8.8264987e-02
 -3.6709726e-02
 -2.0268638e-01
  1.0272053e+00
 -2.1162651e-01
 -3.7504929e-01
  2.5747010e-01
  2.7743998e-01
  8.2158434e-01
  2.1091311e-01
 -1.5781663e-02
 -2.2783227e+00
 -1.0712277e+00
 -4.6050990e-01
 -4.9795172e-01
  9.6204877e-01
 -2.2272202e-01
  3.0872771e-01
  2.4929790e+00
 -2.7386671e-01
  5.0096893e-01
  5.8658283e-02
  2.1327065e-02
 -4.3038046e-01
 -8.5879910e-01
  4.7356302e-01
 -2.0663695e-01
 -5.8645047e-02
 -7.7340817e-01
 -5.3363279e-02
 -7.1624843e-03
  7.1050286e-02
  4.7057465e-01
 -2.7895272e-01
 -1.6964997e-01
  1.7171483e-01
 -1.0134499e+00
  2.3101306e-01
 -5.6206468e-02
 -5.1241106e-01
 -6.1098218e-01
 -5.2046937e-01
  2.3006618e-01
  2.4200644e+00
 -4.5760190e-03
 -1.0305803e-01
  3.1451213e-01
  2.5616767e-02
  1.1073387e+00
 -4.8856276e-01
 -4.3659818e-01
 -8.4908679e-02
  4.6006914e-02
 -9.0826809e-01
  8.0601290e-02
  2.1444019e-02
 -5.3881544e-01
  1.5977192e+00
 -1.3535330e+00
  1.7226406e+00
 -1.1795478e-01
  6.3047493e-01
  9.5662248e-01
  7.5792819e-01
 -1.1860769e+00
  5.1995604e-03
  3.3201766e-01
  6.0202187e-01
 -2.0547514e+00
  4.8978356e-01
 -4.6678525e-01
 -7.3285431e-02
 -8.4288970e-02
 -5.5656742e-02
  1.0755043e+00
  8.2882917e-01
 -1.0414097e-01
  1.3433230e-01
 -3.0280262e-01
 -6.5829596e-03
 -1.0242211e-01
 -1.0673461e-01
  1.1093832e-01
 -1.5355033e-01
  8.3850765e-01
  1.3196607e-01
  9.8828101e-01
  3.1211553e+00
 -1.2627653e+00
  2.9864442e+00
  6.3103905e+00
 -1.0392530e-01
  1.1818822e-01
 -1.7259399e+00
  7.2713757e-01
  1.5069243e-01
  3.7345171e-02
  1.3738070e-01
  1.3040424e-02
 -1.6831005e-01
  1.3903569e+00
  6.4082455e-04
  1.3623459e-02
 -2.9885927e-01
 -1.4296801e-01
  8.8704430e-02
  4.1089648e-01
  6.2477368e-01
 -5.2189714e-01
 -5.1003993e-01
 -5.9939761e-02
 -1.7041926e-01
 -1.5663092e+00
 -7.5629175e-01
  1.4156089e+00
 -6.5261251e-01
  1.2931974e-01
  1.9694766e-01
  9.2799890e-01
 -8.0941103e-02
  2.0193018e-01
 -3.5181773e-01
  1.4200493e-02
 -5.0330389e-01
  8.3293623e-01
  9.4402689e-01
 -2.0015179e-01
 -2.9390221e-02
 -3.9239895e-01
  1.2259258e-01
 -5.4579444e-02
  4.5400664e-01
  8.1516314e-01
 -1.4811979e-01
 -1.4921045e-01
 -3.3720825e-02
 -9.0772939e-01
 -2.6722949e+00
  3.1391197e-01
 -4.6223106e+00
 -2.7411423e+00
  1.5056644e-01
  5.8267921e-01
  1.7520068e+00
  1.1079006e+00
  1.6624548e-01
  6.7079805e-02
 -9.7816989e-02
 -1.4403586e-01
  5.0413185e-01
  3.6260077e-01
  3.9878637e-02
 -1.8188569e-01
 -2.6072460e-01
  5.4960839e-02
  2.9878840e-02
 -9.7353555e-02
  3.4868765e-01
  2.0634754e+00
  7.7503461e-01
  1.7039363e-01
  7.1644522e-02
  2.2121873e+00
 -8.6040169e-01
 -2.2880657e+00
 -2.5821071e+00
  2.0605254e-01
  3.0473384e-01
 -3.0798259e+00
  8.3292449e-01
  6.8855137e-01
 -4.0654160e-02
  1.4028033e-02
 -1.9211778e-01
 -1.3252633e+00
  3.3028579e-01
 -1.5138464e-01
  7.5273484e-02
  4.8098013e-02
 -1.7246325e-01
  1.8702821e-01
 -1.6131921e-02
  1.8562808e+00
  9.5473558e-01
 -7.3113656e-01
 -1.8972944e-02
 -1.8186684e-01
  4.9329658e+00
 -4.6392658e-01
 -2.0292826e+00
  2.0387132e+00
  2.6580915e-01
  3.7749225e-01
 -6.7267364e-01
 -6.0347748e-01
 -1.4973767e-01
  6.2415721e-03
 -1.6933532e-01
 -3.0178896e-01
 -1.6192250e+00
  1.6833615e+00
  1.0454351e-01
 -1.8558496e-01
 -1.1556785e+00
  1.1242269e-01
 -1.6706245e-02
 -4.1064093e-01
  3.5099196e-01
 -9.8091775e-01
 -8.8565332e-01
  3.6615960e-02
  9.8044150e-02
  1.5369270e+00
 -4.3023771e-01
  3.5154111e+00
  3.2413192e+00
  8.0716863e-02
  9.3635416e-01
  8.8918066e-01
 -1.0817527e+00
  1.0229298e-01
 -1.9683009e-02
 -1.0048103e-01
  2.6987409e-02
 -6.1275178e-01
  4.1224653e-01
  3.8132135e-02
  3.8947351e-02
 -2.3006329e-01
  2.3039021e-02
  4.1430935e-02
 -2.8131682e-01
  9.6833158e-01
 -8.4123695e-01
  4.5938391e-02
 -3.0590488e-02
  1.8654768e-01
 -3.0373538e+00
  9.1527499e-02
  3.8461330e+00
  9.3236876e-01
  2.2377068e-01
  6.9463253e-01
  3.6610362e-01
  4.0961263e-01
  2.3749211e-01
 -5.0814517e-02
 -1.8584383e-01
 -1.3369527e+00
 -6.7213766e-02
  8.3460850e-01
 -2.4007557e-01
 -4.0655774e-03
  1.6094767e-01
  4.6054926e-02
  4.0642630e-02
  2.8895998e-01
 -6.6348362e-01
  9.6590090e-01
  5.5415887e-01
 -2.2572378e-02
 -1.0203978e-02
 -2.0519695e+00
  1.6650612e-02
  3.6826348e+00
 -1.9560014e+00
  1.6350624e-01
  5.9932347e-02
 -2.5677631e+00
  3.8756716e-01
 -3.3855575e-01
 -1.0402218e-02
 -6.5793701e-02
 -4.5966774e-01
 -2.6098642e-01
 -1.3685038e+00
  1.1032764e-02
  1.1032764e-02
  1.1032764e-02
  1.1032764e-02
  1.1032764e-02
  1.0925732e-02
  1.0925732e-02
  1.0925732e-02
  1.0925732e-02
  1.0925732e-02
  6.3974224e-03
  6.3974224e-03
  6.3974224e-03
  6.3974224e-03
  6.3974224e-03
  3.5775183e-03
  3.5775183e-03
  3.5775183e-03
  3.5775183e-03
  3.5775183e-03
  2.1203624e-03
  2.1203624e-03
  2.1203624e-03
  2.1203624e-03
  2.1203624e-03
  1.2045759e-03
  1.2045759e-03
  1.2045759e-03
  1.2045759e-03
  1.2045759e-03
  2.5579572e-04
  2.5579572e-04
  2.5579572e-04
  2.5579572e-04
  2.5579572e-04
