nep4_zbl 5 Ca Si O H C 
zbl 1 2
cutoff 6 5 119 77 -1 -1 0.7
n_max 4 4
basis_size 8 8
l_max 4 2 1
ANN 30 0
  2.1153125e-01
  2.9628062e-01
 -3.2173097e-01
 -8.3221292e-01
 -5.8581900e-02
 -2.4314763e-01
 -7.5111711e-01
 -1.2842839e+00
  5.3039391e-02
  5.0015114e-02
 -6.8089759e-01
  1.2624733e+00
  1.5403007e-01
  1.0791361e-01
  2.8200060e-01
 -1.3853233e+00
  4.9549382e-02
  2.9477924e-01
 -3.3169809e-01
  5.1282996e-01
  1.6170299e-01
 -3.2963330e-01
 -1.8597037e-01
  3.9468700e-01
  2.1877788e-01
 -3.4653592e-01
 -1.9052592e-01
  3.0577347e-01
 -2.1468350e-01
 -1.4981852e-01
  1.1279261e+00
 -2.6939723e-01
 -6.5634005e-02
 -1.1981347e-01
  1.1676412e+00
 -6.5242231e-01
 -5.1453017e-02
 -4.3743879e-02
  2.7685702e-01
 -2.6342373e-02
 -1.6595073e-01
 -1.3957657e-01
 -2.8986058e-01
  9.3706727e-02
  2.0579011e+00
  2.2492711e-01
  7.1921957e-01
 -3.1623834e-01
 -1.7283164e-01
  2.5020099e-01
 -1.5558171e+00
 -2.3476249e-01
 -2.2978224e-01
 -4.6381247e-01
  6.9979958e-02
 -1.8772019e-01
 -1.9585279e-01
  4.0268075e-02
  6.0785818e-01
  1.5140480e-01
 -3.2303011e-01
  8.1225824e-01
 -2.2844547e-01
  5.8118343e-01
  1.9035004e-02
  4.4903803e-01
 -1.0043835e-01
 -6.0392518e-02
  3.0456242e-01
 -4.0813124e-01
  2.4938185e+00
 -3.1813651e-02
  6.1362511e-01
 -9.0930563e-01
  8.7819248e-02
  3.5706351e+00
  4.4681024e-02
 -1.2345521e+00
  7.0340377e-03
 -5.4792351e-01
  4.3151256e-01
 -2.0502563e+00
  3.2093804e-02
 -1.1325178e-01
 -7.6156914e-01
  1.2944989e-01
 -4.6552185e-02
 -2.6454115e-01
 -2.0826624e-01
  1.5945239e-02
  2.2646635e+00
  4.4411135e-01
  4.9812582e-01
 -2.4051221e-01
 -1.7609359e-01
 -1.0552914e-01
 -1.2164389e-01
 -3.2987532e-01
  6.7997205e-01
 -6.7119455e-01
 -4.1407615e-02
 -3.7441510e-01
 -3.1751871e-01
 -1.3537694e+00
  1.9811746e-02
 -1.7936193e+00
 -1.4292868e+00
  7.2552526e-01
 -1.1891471e-01
 -7.8548390e-01
  5.1126015e-01
  2.9659018e-02
  2.3646793e-01
 -5.7882655e-01
 -9.8038472e-02
 -1.6754454e-01
 -9.6489882e-01
  2.9133064e-01
  6.5111226e-01
  5.2874970e-01
 -3.8868499e-01
  1.0933923e+00
  3.6262199e-01
  8.8411373e-01
  6.8052888e-01
  5.8857793e-01
  3.0666285e+00
 -3.4617046e-01
  4.4034764e-01
  8.7362804e-02
 -2.3260911e-01
  4.1043890e-01
 -1.8214382e-01
 -2.8975574e-02
  7.5506473e-01
  1.7441589e-01
  2.8916368e-01
  1.2993639e+00
  1.1178765e-01
  1.7667404e-01
 -2.8576812e-01
  3.6236218e-01
  2.4393755e-01
  1.3610023e-01
 -8.2245034e-01
 -5.2285510e-01
 -3.0971384e-01
  6.9051361e-01
 -1.8478803e-01
 -1.0611191e-01
  1.4006431e+00
  2.5298187e-01
  8.1281193e-02
 -5.3667510e-01
 -7.7097052e-01
 -2.6069808e-01
 -2.5913844e-01
 -1.5609833e+00
 -5.5732852e-01
 -2.2673599e-01
  2.2530065e-01
  1.9620249e+00
  8.4428275e-01
  1.7565517e+00
 -2.7223082e+00
 -1.2827212e-01
  3.6372598e-02
 -2.1526782e-01
  4.4985592e-01
 -2.6284996e-01
 -6.3872643e-02
  2.3308825e-01
  6.9237545e-02
 -2.1188998e+00
  7.1215498e-01
 -4.6165720e-01
 -2.3562914e-01
  2.7282146e-01
  8.3950758e-02
 -9.5907934e-02
 -2.6174971e-01
  2.8847745e-01
  4.9709210e-01
  1.2082783e-01
  2.4123189e-01
 -3.0754438e-02
  7.0072031e-01
 -1.8901132e+00
  4.7209516e-01
  2.2138245e-01
 -5.7806832e-01
  4.4084454e-01
 -3.0229661e-01
  1.1923528e-01
  8.0312468e-02
  4.4440073e-01
 -7.0808357e-01
  2.7347660e-01
  2.5904584e-01
  2.4816546e+00
  5.8991933e-01
  4.2274185e-02
 -2.7957842e-01
  2.5314242e-01
 -6.9777906e-01
 -8.7351799e-02
 -2.0728628e-01
  2.9787219e-01
 -8.3076447e-02
 -9.6582466e-01
 -2.6399458e-02
  4.3329972e-01
 -4.4033498e-01
  8.8946462e-01
  5.8578495e-02
 -7.1918958e-01
 -1.2560299e-01
 -4.7991812e-01
 -5.0639796e-01
  2.2295000e-02
  4.7639012e-02
  2.2027591e-01
 -3.3062908e-01
 -6.4522037e-03
 -8.2202218e-03
 -1.0755459e-01
 -9.8901320e-01
 -2.1542440e-01
 -2.4824923e-01
 -7.4798453e-01
 -9.5881236e-01
 -3.7353903e-01
 -1.5636617e-01
 -5.3393531e-01
  4.0840954e-01
  4.4777814e-01
  9.5382273e-01
 -8.6864465e-01
 -3.6076434e-02
 -4.3688994e-03
  3.1944609e-01
 -2.0751792e-01
 -4.6621870e-02
  4.4566397e-02
 -7.5072116e-01
 -3.2753477e-01
 -1.8169353e-02
 -9.4872785e-01
 -1.4864428e-01
  1.0289729e+00
  1.4267880e-01
  3.0653087e-02
 -3.9339828e-01
  8.9481756e-02
  3.7807238e-01
  2.4882369e+00
 -3.7032333e-01
 -5.2065617e-01
 -3.0970111e-01
 -3.8734418e-01
 -2.3994617e-01
 -2.0294322e-01
 -1.6891617e+00
 -5.3873879e-01
  1.5182912e-01
  4.1049045e-01
 -2.2565098e-01
  3.9708767e-02
 -3.0924502e-01
  5.4546237e-01
 -7.4865472e-01
  3.0300477e-01
 -2.2211537e-02
 -4.0914264e-02
  1.4976789e-01
  2.6928211e-02
  3.0605203e-01
 -1.0794137e-01
  2.3340769e-01
  8.6592354e-02
  2.8783208e-01
 -2.2805595e-01
  6.3392770e-01
 -2.5816875e+00
  6.9266492e-01
 -1.7783883e+00
  4.0276065e-01
  9.9738699e-01
  5.4990464e-01
 -1.7879508e-02
  1.9304702e-01
  5.6306279e-01
  1.4805176e+00
  1.3348123e-01
  6.2397206e-01
  1.1197440e-01
  8.5594183e-01
  3.6658198e-01
  1.0569459e+00
  9.4405806e-01
 -2.7896574e-01
 -3.1330589e-02
 -4.2509216e-01
  1.3883170e-01
  5.8331811e-01
 -8.1195503e-01
 -5.2270305e-01
 -3.9058864e-01
  1.8401837e-01
  3.4570560e-01
  1.6601457e-01
 -5.5220509e-01
  5.2660477e-01
 -2.8328637e-02
  1.3013171e-01
 -5.8597767e-01
 -6.9092579e-02
 -2.8244752e-01
 -1.8053725e-01
 -4.3215737e-01
  2.0958237e-01
  1.1265447e+00
  4.5235229e-01
 -6.3451447e-02
 -4.8314691e-01
 -2.1464874e-01
  1.1738408e-01
 -9.6557289e-01
  3.6982492e-01
 -2.8923366e-02
 -8.6188376e-01
 -6.7854114e-02
  4.7933233e-01
  2.1886562e-01
  3.8680550e-02
 -1.1158869e-01
  1.0308843e-01
 -2.3375380e-01
  2.8292951e-01
 -8.3970726e-02
  1.6381150e+00
 -3.2523349e-01
  6.2063824e-02
  2.0049472e-01
  5.0148126e-02
  1.6771694e-01
  4.0895548e-01
 -2.2424862e-01
  1.9504762e-01
  3.2549459e-02
 -7.8235543e-01
 -2.3481013e-01
  4.2230496e-01
  8.8601708e-01
 -1.3810220e-01
  3.1239724e-01
 -3.2900202e-01
 -4.8335320e-01
 -6.2009342e-02
 -2.7674726e-01
  3.9531821e-01
 -4.3109539e-01
  3.1708434e-01
 -2.0880497e-01
  8.7931973e-01
  9.5637351e-02
 -2.9877242e-01
  2.6104152e-01
  5.0889528e-01
  2.0735219e-01
 -4.8179203e-01
  1.8126209e-01
  2.2699096e+00
 -1.0255584e-01
  2.7627674e-01
 -5.6587219e-01
  9.2159145e-02
 -2.1494853e-01
  2.7244339e+00
 -2.9776657e-02
 -2.9751627e+00
  3.0952406e-01
 -5.0499696e-01
 -3.0236345e-02
  6.0774095e-02
  1.0613235e+00
  2.2069913e-01
 -6.5896904e-01
 -1.6149898e-01
 -1.0392556e-01
  9.9205896e-02
  1.8640873e-01
 -1.6112990e+00
  3.9015752e-01
  4.5338348e-01
  4.2787474e-01
 -8.4928370e-01
 -4.6465416e-02
  1.3878489e-01
  7.5986785e-01
  3.1727433e-02
  5.8567202e-01
 -5.0755489e-01
 -2.2778714e-01
 -4.0426645e-01
  1.6669683e-01
  6.3396108e-01
 -5.6920969e-01
  1.6300323e+00
 -8.0700094e-01
  4.1284445e-01
  3.1446022e-01
 -1.9623971e-01
  1.3944392e+00
  2.9390946e-01
 -5.8934844e-01
 -3.0968797e-01
  1.4001969e-01
  2.5474770e-02
 -2.4917076e+00
 -1.7124250e+00
 -3.4448280e+00
  1.8727424e+00
  2.2405667e+00
 -2.5338356e+00
 -4.8772156e-01
 -1.1545635e+00
  3.8073507e-01
 -1.1541675e+00
 -1.3244501e+00
 -9.8712230e-01
  2.4639326e-01
  1.6915254e-01
 -2.7753091e-01
 -7.6667249e-01
 -6.8069130e-01
  2.6642182e-01
 -5.4118586e-01
 -6.1770034e-01
 -1.6708982e-01
 -6.5015763e-01
 -1.7179453e-01
 -5.2654618e-01
  1.0902050e+00
  8.1362985e-02
  6.0990500e-01
  5.1168239e-01
  5.6058294e-01
 -3.9989898e-01
 -9.4716007e-01
  1.5993598e-01
  1.9910792e-01
  3.4416092e-03
 -3.8726485e-01
 -3.6688557e-01
 -7.1777344e-02
 -5.1747069e-02
 -3.4358037e-01
 -2.5213984e-01
  5.2474189e-01
  4.9481295e-02
  8.3583795e-02
 -1.6953892e+00
  4.3610051e-01
 -3.3762953e-01
  1.7768031e-01
  2.4143209e-01
  6.4945541e-02
 -1.8258531e-04
 -2.2504182e-01
 -1.1573080e+00
  1.7949210e-01
 -1.5026273e-01
 -3.0319914e-01
  3.9118817e-01
 -7.9438889e-01
  1.5760190e+00
  5.3612214e-01
 -4.8034015e-01
  2.4853203e-02
 -7.5956905e-01
  3.3708978e-01
  1.6110745e-01
 -4.8646340e-01
  1.5103610e+00
 -7.4381006e-01
  1.2394280e-01
  5.7494331e-02
 -1.3170649e-01
 -5.5410373e-01
 -5.0193071e-01
 -2.4533441e+00
 -4.4608289e-01
 -4.9347585e-01
  4.0585965e-01
 -1.1241597e+00
 -4.0647390e-01
  4.2081663e-01
 -1.7667121e+00
 -1.0975490e+00
 -2.4559595e-01
  9.4694382e-01
  1.0258397e-02
 -4.5496696e-01
 -5.3480640e-02
 -2.1471049e-01
  7.5752825e-01
 -1.8738053e+00
  1.7982708e+00
  4.2626533e-01
  3.3819150e-02
 -3.3579451e-01
 -1.1082374e-01
  3.2114881e-01
  5.8621746e-01
  9.5330286e-01
  3.6927992e-01
  1.6632393e-01
  1.7495649e-01
 -1.3238187e-01
 -9.8532401e-03
 -1.2025185e-01
 -7.7291809e-02
 -1.1685607e-01
  3.3937114e-01
  2.1351296e-01
 -3.2082990e-01
 -3.5175875e-01
  4.0960637e-01
  3.4192670e-02
  1.6069473e-01
  3.6477831e-01
  1.0889495e-01
  4.2742473e-01
  1.2174810e-01
 -7.0394528e-01
  9.1199875e-01
  5.0715644e-02
 -1.0775096e+00
 -1.3464591e-01
  9.2915662e-02
  1.3243850e-01
  1.1339456e+00
 -1.0598837e-01
  4.1941908e-01
 -8.5141227e-02
 -2.5538805e-01
  3.7302491e-01
  5.8930165e-01
 -5.8939338e-01
 -4.7647572e-01
  2.7115402e-01
  3.3404395e-02
  1.2265968e-01
 -6.6140639e-03
 -6.6865020e-04
  1.3537362e+00
 -1.7403296e-01
  4.8799676e-01
 -3.7431899e-01
  9.8318470e-01
 -9.2684066e-01
 -2.5815150e-01
  9.8905817e-02
  2.1813720e-01
 -1.1125182e+00
 -6.0249750e-02
 -3.3461720e-01
 -2.7211303e-01
 -2.8122509e-01
 -3.0675000e-01
 -4.1418335e-01
  3.8370201e-01
 -3.5862154e-01
 -2.0714830e-01
  2.0150436e-01
 -7.9016781e-01
 -7.4515820e-01
  5.2752930e-01
 -5.8213688e-02
 -2.0372772e-01
  6.2088001e-01
 -3.8418718e-02
 -7.0035644e-02
  7.4088395e-01
 -4.9838811e-01
  2.7218509e-01
 -5.2367789e-01
  3.1435210e-01
  7.2218025e-01
 -2.3724926e-01
  4.5155287e-01
  4.5121396e-01
  7.3310271e-02
 -8.1158203e-01
 -2.6386573e+00
 -3.3141199e-01
  8.4138736e-02
 -3.1009176e-01
  5.5263028e-02
  1.2465602e-02
  4.2630205e-01
  3.7501973e-01
 -8.4811378e-01
  2.9123385e+00
 -2.2043457e+00
 -1.7269050e-01
  1.1149330e+00
  1.1630468e-02
  2.5573349e-01
 -8.0082637e-01
 -2.3057918e-01
 -1.7949195e-01
  2.4405785e-01
  1.8528219e-01
 -1.3818175e-01
 -3.3356714e+00
  2.8907704e-01
  6.0135089e-02
  4.6361530e-01
 -2.2644070e-01
 -2.5405666e-01
  1.5851617e-02
 -1.5922333e-01
 -1.2093337e-01
  1.9526301e-01
 -1.0438971e-01
  3.1485370e-01
  3.8876897e-01
  5.5807777e-02
  2.0706876e-01
  1.5347718e-01
  5.2571046e-01
 -1.6352962e+00
 -3.3596917e-03
  1.6815820e-01
  1.0833969e+00
  1.3239193e-01
  7.2001648e-01
 -1.7291974e-01
 -6.2216185e-02
  7.8479785e-01
 -7.1637928e-02
  6.3811278e-01
  7.0329130e-01
 -3.3831635e-01
 -3.8657779e-01
  1.1601595e-01
  4.8432741e-01
 -5.9954679e-01
  2.4225122e-01
 -4.8462239e-01
  1.1210190e-01
  6.0482544e-01
 -6.6473925e-01
 -7.1086252e-01
 -8.5461879e-01
  2.7720493e-01
  1.2034000e-01
 -3.8271531e-01
 -2.9075861e-01
 -2.5610304e-01
 -4.1234407e-01
  8.7914832e-02
  2.5538903e-01
  6.3297409e-01
 -9.1031438e-01
 -2.6394875e+00
  6.3358843e-01
 -3.5838658e-01
 -5.0297016e-01
  1.0779239e-01
  6.2716164e-02
 -1.9269426e+00
 -1.9440232e-02
  8.1786770e-01
 -4.5302200e-01
 -4.0036526e-02
 -1.8172403e-01
 -3.2007587e-01
  2.5144687e+00
 -4.4176725e-01
 -6.6506296e-01
 -7.0912403e-01
 -3.7811026e-01
 -6.7941803e-01
 -2.4909611e-01
 -1.6730152e-01
 -4.1210461e-01
  2.2060845e+00
 -1.8226391e-01
  3.4611332e-01
 -2.1700457e-01
  3.3303866e-01
  3.2594112e-01
  6.4793676e-01
  3.7490049e-01
 -4.1944164e-01
  2.5849348e-01
  4.4522253e-01
  1.8807587e-01
  4.0477115e-01
 -1.3109871e-02
  1.1567671e+00
 -1.6789205e-01
  4.2772898e-01
 -2.5436947e-01
  2.2809735e-01
 -8.4776753e-01
  6.4599252e-01
 -1.2792332e-01
  3.1440294e+00
 -2.4219292e-01
  6.5351760e-01
  9.2285252e-01
  9.7939499e-02
  2.0213678e-01
  4.8876372e-01
  1.1768779e+00
 -1.2195607e-01
  7.0610739e-02
 -1.2109692e+00
 -1.5687643e-01
  1.2890482e-01
 -3.1396157e-01
 -3.5306290e-01
  1.2874424e-01
 -2.8289067e-02
  8.0797064e-01
 -6.5761268e-02
 -1.4821877e-01
  1.2541363e-01
  7.8419191e-01
 -4.0652892e-01
 -1.4769474e-01
  9.4402963e-01
 -4.4787970e-01
  9.5142174e-01
 -5.1910275e-01
 -1.4912039e+00
  1.3163711e-01
 -8.2955843e-01
  2.2507386e-01
  5.1379055e-01
  7.0449538e-03
  3.4917080e-01
 -1.3642374e-01
  5.4057628e-01
  5.2160180e-01
 -2.0373140e-01
  1.4878075e+00
 -2.2077738e-01
  3.9322671e-01
  2.7915996e-01
 -3.9926164e-02
 -2.2771482e-01
 -4.5936102e-01
 -9.9932805e-02
  3.0808523e-01
 -1.3367343e-01
 -1.2579255e-01
 -3.5942912e-01
 -2.3530733e-03
 -1.4544389e-01
  2.5303745e-01
  8.9148766e-01
  6.9014710e-01
  1.7859469e-01
 -1.8380260e-02
 -3.7318921e-01
  3.0695921e-01
  2.4508688e+00
 -1.9656788e+00
  6.6370624e-01
  2.1720974e+00
  5.3675991e-01
 -2.0262599e-01
 -8.9378124e-01
 -1.3600454e+00
 -4.7040701e-01
 -4.7771797e-01
 -8.1169534e-01
 -8.2160056e-01
 -8.1989187e-01
 -7.2389446e-02
 -4.2488852e-01
 -3.5769022e-01
  2.9240406e+00
 -1.3641325e+00
 -6.3437474e-01
  2.8301534e-01
 -4.8621100e-01
  1.9017929e-01
 -8.1596065e-01
 -9.1505253e-01
 -1.2530034e+00
  3.3570594e-01
  6.4373016e-01
 -2.4383774e-01
  3.2290435e-01
  1.3297499e+00
 -5.8437645e-01
 -2.4968509e-01
  1.3383594e+00
 -1.7018676e-03
  5.7321852e-01
 -4.0888092e-01
 -8.9781195e-02
 -2.1083634e+00
  2.9168642e-01
  2.8369381e+00
 -5.3022671e-01
 -4.4920731e-01
  1.7072703e-01
 -9.0218522e-02
 -2.2059084e-01
 -6.9662941e-01
 -7.3296145e-02
 -9.5637816e-01
 -2.2316900e-01
  6.9878143e-01
  1.8552195e-01
  7.2073668e-01
 -3.0961707e-01
 -8.7101519e-02
  2.9104868e-01
  1.2817313e-01
  2.6655683e-01
 -4.6773370e-02
  1.1259803e-02
  4.7447070e-01
  2.6842359e-01
  7.9679626e-01
 -1.0936604e+00
  7.1694648e-01
 -2.2193205e-01
 -5.3493810e-01
  5.9798396e-01
 -1.6773516e-01
  8.5765314e-01
  2.6860183e-01
 -2.9886127e-01
 -4.9683917e-01
  3.5475526e-02
  1.4801011e+00
  9.4520074e-01
  7.5905883e-01
 -1.3201624e-01
  3.3108905e-01
  5.2131798e-02
  1.8818040e-01
  9.1219163e-01
  3.2982716e-01
  1.8342671e-01
  3.0987319e-01
 -1.5669920e-01
  4.4536790e-01
  6.9836915e-02
  2.5494462e-01
  2.3782339e-02
  3.9360166e-01
 -3.9963951e+00
  1.8236946e-01
  4.1296402e-01
 -1.1865679e+00
  3.5993785e-01
 -1.6392641e+00
 -2.9169559e-01
  4.7703707e-01
 -6.4518355e-02
 -6.0462064e-01
 -4.8545454e-02
 -9.5613253e-01
 -2.7492788e-01
  4.2953873e-01
  5.2543783e-01
 -1.7964118e+00
 -2.6837850e-01
 -1.0988870e+00
  1.0818135e+00
  1.3980991e+00
 -8.3422911e-01
 -1.2690251e+00
 -2.3364177e-01
 -9.9068099e-01
 -7.4971840e-02
  3.0093908e-01
 -2.6478469e-01
 -1.9176490e+00
 -1.8863332e-01
 -8.1369795e-02
 -1.0118718e+00
 -1.6465569e+00
  1.9642504e-01
 -1.8134730e-01
 -4.7842279e-01
 -3.7624377e-01
  3.0506557e-01
 -1.0670479e-01
 -1.2314420e+00
  9.9544093e-02
  6.2107921e-01
  2.5085313e+00
  4.6430230e-01
 -2.4276724e-01
 -4.9790433e-01
 -4.0220804e+00
  4.8061761e-01
 -1.4542277e+00
  3.2822002e-02
 -1.1353333e-01
  9.2173249e-02
 -4.7765633e-01
 -1.4799090e-01
 -4.7385538e-01
 -4.9506295e-01
  5.1678572e-02
  5.5044651e-01
  1.7465487e-01
  9.1283703e-03
  2.1230827e-01
 -1.6485830e-01
 -3.1394753e-01
  5.2709877e-01
  7.6260871e-01
 -5.6456935e-01
 -4.3371400e-01
 -5.8083010e-01
 -2.7054694e-01
  4.2332757e-01
 -3.8063473e-01
 -6.0624456e-01
  2.2826004e-01
  3.1546625e-01
  3.7557289e-02
 -3.7876731e-01
 -3.5316955e-02
 -3.9469126e-01
  2.4436393e-03
  8.3870932e-02
  2.8591079e-01
  3.8702360e-01
 -6.9774114e-02
  1.2998407e-01
 -5.6945276e-01
 -1.7949407e-01
 -1.1985905e-02
 -2.8137296e-01
  1.8889734e-01
 -5.1086265e-01
 -1.4789582e-02
 -2.4323961e-01
  6.7383689e-01
  6.3597304e-01
 -9.4404601e-02
  2.4943570e-02
 -1.2287956e-01
 -1.4381994e+00
 -7.9245013e-01
 -4.0614259e-01
 -2.8119791e-01
 -1.1694052e+00
  2.9784015e-01
 -3.7797800e-01
  3.3835354e-01
  1.0865032e-01
  1.7484874e-01
 -3.8406116e-01
  2.3218380e-01
 -2.4803127e-01
  8.7939255e-02
 -2.2416902e-01
  1.6823687e-02
  5.8705006e-02
 -8.8738210e-02
 -1.4080919e-01
  2.1264842e+00
  7.4277118e-02
 -4.7834912e-01
  1.7107425e+00
  4.2742828e-01
 -2.2495024e-01
  1.9279638e-01
 -1.8650040e-01
 -5.7039201e-01
  2.2005367e-01
 -1.7444271e-01
  5.3029817e-01
  1.7367569e-01
 -3.3414435e-01
 -1.8648919e-01
 -2.6576307e+00
  6.0859531e-01
  9.9356443e-01
  6.8826717e-01
 -1.0761136e+00
  4.6663210e-01
 -5.9467997e-02
  7.1962035e-01
 -4.0726796e-02
  4.8608309e-01
 -3.6595526e-04
  6.9760270e-02
  7.6913923e-02
 -6.4166293e-02
 -2.9164851e-01
 -4.0721095e-01
 -5.8596861e-01
  1.0894542e+00
 -5.0720507e-01
  1.3638769e-01
 -2.7183715e-01
 -3.4872025e-01
  2.2838633e-01
 -1.0380477e+00
  1.5638265e-01
  5.1409942e-01
 -1.4767096e+00
  2.2776088e-02
  2.4602912e-01
 -2.7368760e-01
 -4.5906946e-01
 -9.5638454e-01
  3.8545623e-01
 -1.0553030e+00
  2.2999930e-01
  2.3678657e-01
 -3.6891386e-01
 -8.0136597e-01
 -6.3702345e-01
  2.1361959e-01
 -4.8702195e-01
  1.1527492e+00
 -2.5047591e-01
 -6.7040646e-01
  1.8205155e+00
 -1.5188390e+00
 -8.7536247e-03
  4.3510211e-01
 -1.2804615e+00
 -1.8575066e-01
 -1.0096405e-02
  5.5193526e-01
  1.4546558e-01
 -8.6067900e-02
  4.7087342e-01
 -6.7013890e-02
  1.4821724e-02
  1.2167489e-01
 -5.9477627e-01
  6.3145161e-01
  4.8025581e-01
  2.7631028e+00
 -1.6918175e-01
 -1.1029720e+00
  2.0310965e-01
 -1.6111727e-01
 -2.9541191e-01
  9.9423409e-01
 -9.2232913e-01
 -7.0701405e-02
 -5.5126399e-01
 -3.4265318e+00
  1.7795175e+00
 -1.3190333e+00
  1.1213442e+00
  1.4738967e-01
  3.6123872e-02
  6.6531730e-01
 -1.2861744e+00
 -1.9376160e-01
  8.3149001e-02
  1.9158979e-01
  1.0743116e+00
  6.4209861e-01
  8.7818438e-01
 -1.0085599e+00
  3.2175732e+00
 -1.6722126e-01
 -6.4227030e-02
 -3.4287167e-01
 -2.6590776e-02
 -1.2723844e+00
  1.7257035e+00
  2.7193266e-01
  7.2284096e-01
 -1.1749228e+00
 -1.2253938e+00
  2.0503962e+00
  1.3747168e+00
 -8.6173791e-01
 -8.5911703e-01
 -2.8591158e+00
  1.0649405e+00
  2.4812040e+00
  9.5598865e-01
 -9.9020779e-02
  4.6972471e-01
  1.0137089e+00
 -1.5413133e+00
 -3.6019373e-01
  8.8888514e-01
 -2.7467644e+00
 -2.6018900e-01
  1.0808083e+00
 -1.5538582e+00
  5.3298420e-01
  1.1301730e+00
  5.1649755e-01
 -1.0931888e+00
 -2.0374341e+00
  2.4339013e+00
 -2.6825421e+00
  9.4912511e-01
  2.7466366e+00
  7.8698754e-01
  8.4076595e-01
  3.0849025e-01
 -1.3551193e+00
 -3.7156436e-01
 -2.3690434e+00
 -3.0081153e-01
 -8.1762958e-01
 -1.0734364e+00
  3.0189779e-01
 -2.3728752e-01
  2.3824276e-01
  1.2612643e+00
 -2.4258652e+00
  4.9461722e-01
 -8.3613449e-01
  3.0362058e-01
 -3.1047645e+00
  3.2264444e-01
  3.1935304e-01
  6.2023216e-01
  4.0328866e-01
  1.2860603e+00
  1.6571452e-01
 -5.0848115e-02
 -6.0706520e-01
 -3.5559891e-03
  1.4737900e+00
 -1.5366775e-01
 -6.9431221e-01
 -5.5909407e-01
  1.3261835e-01
 -1.1636728e+00
 -5.5187607e-01
  6.2824535e-01
 -1.2702317e+00
  2.1390293e+00
  5.3362131e-01
  5.0863361e-01
  4.5287114e-01
  4.0912315e-01
 -2.4061515e+00
 -8.1767035e-01
  5.3774482e-01
 -3.7241074e-01
 -4.1973388e-01
 -1.0109608e+00
 -6.2874210e-01
 -1.4469263e-01
 -4.3489257e-01
  5.2852380e-01
 -1.5495484e+00
  3.8568589e-03
 -3.8507938e-01
 -8.3323985e-01
  1.3214362e-01
 -5.3759426e-01
  6.0290154e-02
 -1.4819311e-01
  4.6633437e-01
  1.1186142e+00
  4.3461317e-01
  2.9212728e-01
  6.4148702e-02
 -1.3120358e-01
  6.3223600e-01
  2.4087644e+00
  4.5846060e-01
 -5.3313947e-01
 -1.0443584e+00
 -7.5768217e-02
  1.3320667e+00
  5.8656037e-01
 -1.3183720e-01
  5.4593563e-01
 -1.5384926e-01
  8.7389147e-01
 -4.7384781e-01
 -2.2878258e+00
  1.4518725e+00
  4.4871223e-01
  1.5781399e+00
 -5.9316581e-01
 -8.1953073e-01
  1.4994229e+00
 -1.0635732e+00
 -9.2087233e-01
 -2.1616803e-02
 -5.5409741e-01
  1.3699546e+00
  5.9042513e-01
 -3.9176297e-01
 -1.4477543e+00
  8.4242672e-02
  9.6073401e-01
  1.6324615e-01
  4.1586783e-02
  3.1638607e-01
  1.2948689e-01
 -4.8358817e-02
 -4.3169999e-01
 -1.2593058e-01
  3.0926314e-01
  2.0972592e-01
  4.1972536e-01
  2.6282922e-03
 -1.4543564e+00
 -1.3444044e-01
  2.5766516e+00
  8.3600655e-03
  2.0547488e+00
  2.2765356e-01
  6.3124889e-01
  1.5308785e+00
 -1.0051926e+00
  4.2223436e-01
  1.0734731e+00
  1.5706003e+00
  1.8174598e+00
 -2.0570941e-01
 -3.4262827e-01
  3.0511478e-01
 -1.6804487e-01
  1.4886025e+00
 -8.3031178e-01
  1.1836257e+00
 -1.0947266e+00
 -1.0694363e+00
  4.6397766e-01
  7.2674088e-02
  3.5646424e-01
 -5.4029995e-01
  2.7330786e-01
  5.5431151e-01
 -2.0516033e-01
  1.7965304e-02
 -5.4368144e-01
  8.5822654e-01
 -3.8253659e-01
 -6.7243099e-01
  2.4074011e-02
 -4.3872136e-01
 -1.9148034e-01
 -8.5968602e-01
  5.0539386e-01
  1.2627763e+00
  8.6389136e-01
 -5.7283670e-01
  9.4721961e-01
 -3.7776995e-01
 -9.1601056e-01
  1.2092957e+00
 -6.3008255e-01
  5.8404970e-01
  2.7044111e-01
  1.7442039e-01
  4.8958570e-01
 -1.6257296e+00
  2.3930065e-01
  1.2507815e-02
  7.8323148e-03
 -2.4443534e-01
  2.3524195e-01
 -1.7736939e-01
 -1.5025175e-01
 -3.1348523e-01
  1.4734611e-01
 -1.0275576e-01
  3.5548750e-01
  1.6471542e-01
 -3.8911501e-01
  3.8077191e-01
  7.2266018e-01
 -1.1369049e-01
  5.4307884e-01
  2.4677096e-01
  3.1237781e-01
  2.5398135e-01
 -1.4749492e+00
 -7.2290504e-01
 -4.8984864e-01
 -9.0562478e-03
 -2.2515033e-01
 -5.8356935e-01
  8.0293620e-01
  1.1036568e+00
 -8.9107696e-03
 -5.5676866e-02
  1.5953083e-01
  5.2565438e-01
 -3.4467551e-01
  4.8283819e-02
  4.8222959e-02
  3.6986461e-01
  4.8996490e-01
 -4.2115826e-02
  6.6771406e-01
  1.9926637e+00
 -2.0853636e-01
  2.6180726e-01
 -6.2589610e-01
 -3.0849767e-01
 -2.4061435e-01
  1.4123796e-02
  4.4469520e-01
  6.6640687e-01
 -1.1308994e+00
  4.9352023e-01
 -4.6568620e-01
  3.9696252e-01
  4.4935158e-01
  6.2311578e-01
 -2.3864959e-01
 -2.4149692e-01
  3.7830690e-01
  1.1453499e-01
  2.7221376e-01
  2.8933072e+00
 -4.1634184e-01
  3.9841154e-01
  3.9219457e-01
  2.3265302e-01
  1.8804500e-01
 -7.7168679e-01
  6.6337413e-01
  4.2073524e-01
  4.3287322e-01
 -1.0062566e-01
 -3.1374851e-01
  4.6207154e-01
  2.3711407e-01
  2.7492282e-01
 -2.3241293e-01
  3.2602954e-01
 -3.3348650e-01
  6.1309144e-02
  6.5695190e-01
  5.9349578e-02
 -1.5713738e-01
 -1.2266247e-02
 -1.2292905e+00
 -7.4022457e-02
 -9.5367479e-01
 -4.5675775e-01
 -1.9061501e-01
  1.0819343e-01
  2.5749356e-01
 -1.7185745e-01
  1.2642702e+00
 -5.0693816e-01
  3.0211017e-01
 -1.3605076e-02
 -3.4690094e-01
  1.4435650e+00
  5.8115190e-01
  1.5761987e-03
 -5.7242401e-02
 -4.2629641e-01
  6.5013784e-01
 -8.9445829e-02
 -1.3835932e+00
  4.8384973e-01
 -8.9355016e-01
  5.9302098e-01
 -6.7652071e-01
 -4.3000042e-01
 -3.4585840e-01
 -1.4830381e-01
  1.0982980e+00
 -2.2095197e-01
 -4.4811627e-01
 -3.6281213e-01
 -2.2013192e-01
  1.5264624e-01
 -1.4133484e+00
 -1.4350238e-01
  2.1897522e-01
 -1.4742700e+00
  1.3561280e-01
  7.1939528e-01
 -3.0617984e-02
  1.3941403e-01
 -1.1001186e+00
 -1.2125616e+00
 -2.5840601e-01
 -1.0289382e+00
  5.4755665e-02
 -9.6616513e-01
 -6.1775053e-01
  5.3078079e-01
 -1.5383029e-01
  2.9477227e-01
 -3.9590758e-01
 -1.3581942e+00
  9.0186554e-01
 -2.8513262e-01
 -7.8112431e-02
 -7.1722656e-01
  2.5597966e-01
  6.8703419e-01
 -1.4504197e-01
  6.3580103e-02
 -1.7959571e+00
  2.8534445e-01
  1.0259924e-01
  5.1528096e-01
  3.3124956e-01
  2.2047932e-01
  1.1715817e-01
 -5.1485622e-01
  7.9691690e-01
  1.3821471e+00
  1.9700572e+00
 -7.1498883e-01
  1.0497009e+00
 -6.1225068e-02
 -1.3420205e+00
  7.8746390e-01
  9.7792655e-01
 -1.2155156e+00
 -2.7805334e-01
 -2.4489282e-01
 -2.6739722e-02
  8.2211727e-01
 -1.5451472e+00
 -2.7657667e-01
 -1.7684738e-01
  2.2522476e-01
  9.7001642e-01
 -5.6315941e-01
  1.5018712e+00
  1.7792974e-01
  4.0845117e-01
  4.2625731e-01
 -8.8624440e-02
 -4.8778296e-01
  1.8786864e-01
 -5.8295953e-01
 -9.0508491e-01
  8.3396798e-01
  1.1334551e-01
 -6.1996374e-03
 -4.9381605e-01
 -2.1239395e+00
  1.4851283e-01
 -7.3652977e-01
 -3.4015244e-01
  6.1097509e-01
 -7.6772100e-01
  2.7272907e-01
  1.1853164e-02
 -4.4507381e-01
 -8.1519985e-01
  1.6060414e+00
 -1.2540421e-01
  1.7874894e-01
 -2.0585145e-01
  1.4524363e-01
  1.5222055e-01
 -1.6935498e-01
  1.2214374e-01
  4.6445811e-01
  1.4941289e-01
 -4.1522153e-02
 -6.4057693e-02
  7.7122557e-03
  2.6682183e-01
  5.3258747e-01
  1.4239277e+00
  3.5375023e-01
  4.6546426e-02
 -9.0705508e-01
  1.2305021e-01
 -1.7467733e-01
 -2.7743077e-01
 -5.9859794e-01
 -1.9311315e-01
  4.2630538e-01
 -1.7959616e-01
 -1.1254795e+00
 -8.9117211e-01
 -7.9742976e-02
  3.2818243e-01
 -8.7194309e-02
  6.4736187e-02
 -3.4859362e-01
  2.0752998e-01
  5.7040028e-02
  2.6416963e-01
  2.1518896e+00
 -6.9750267e-01
  1.4268777e+00
  1.2768015e+00
 -2.1712694e-01
 -1.7916666e-01
  2.5217560e-01
 -3.1784022e-01
  9.5797312e-01
  1.2731558e+00
  3.0545464e-01
  1.3422677e-01
 -5.7920140e-01
 -4.2796653e-02
 -1.6921906e-01
  3.8688537e-02
  6.3680425e-02
 -7.7875882e-01
 -7.4510023e-02
 -2.1506354e-01
  9.2731076e-01
  2.2033988e-01
  4.9202330e-02
 -1.4137346e+00
  2.9134980e-01
 -1.7464051e-01
 -3.5178468e-01
 -3.9701948e-01
  2.3609608e-01
 -5.7511544e-01
 -9.8907197e-01
  2.8016677e-01
  8.9390390e-02
 -1.0224038e+00
 -5.1710404e-02
  3.0486354e-01
  5.3537339e-01
 -1.0363632e-01
  8.8115685e-02
 -3.0098698e-01
  4.1236550e-01
  7.6154828e-01
  4.2847902e-01
 -1.6733763e+00
  4.6375275e-01
 -3.0334714e-01
  1.0477664e+00
 -1.2520930e-01
  2.4845537e-02
 -9.5205086e-01
 -4.9306586e-01
  2.9185364e-01
  2.5752932e-01
 -1.4885700e-01
  3.0760503e-01
 -1.2901396e-01
  6.6678369e-01
 -2.2461214e+00
 -5.4136848e-01
  3.1588277e-01
  1.2151222e+00
 -1.9482447e-01
  2.1739662e-01
  1.6796596e-01
  3.4414444e-03
  8.6001050e-01
 -1.9795316e+00
 -7.0420668e-02
 -1.8577923e-01
 -5.3530097e-01
 -6.1184490e-01
 -1.0437972e-01
  2.1561773e+00
 -1.9342247e-01
  6.6152692e-01
  1.1615762e-02
  1.0899764e+00
 -4.5103031e-01
 -1.0944831e-01
 -2.1952967e-01
  5.2462231e-02
  5.3808463e-01
  1.2783858e+00
 -6.2567860e-01
  1.6107541e+00
 -1.2528385e+00
  4.2072666e-01
 -1.9919387e-01
  1.6860847e-01
  3.4286961e-02
 -1.7757507e-01
  5.5715394e-01
  1.2736693e-01
  1.7765148e-01
  6.1128691e-02
 -4.0004385e-01
 -2.2289003e-01
 -6.0430318e-01
  1.6530524e-01
  5.7820983e-02
  8.4595358e-01
  1.1993969e-01
  5.6286346e-02
  1.2905106e-01
  2.6154857e-02
  7.0957083e-01
 -2.3589121e-02
 -6.4511925e-01
 -5.3649914e-01
 -1.9393465e-02
  6.3877597e-02
 -5.7097328e-01
  5.2176839e-01
 -2.6516795e-01
  6.4238988e-02
 -4.5699933e-01
 -4.5872211e-01
 -1.7358494e-01
 -7.8997666e-01
  5.9226390e-02
 -3.1831673e-01
 -1.2446308e-01
  2.1208300e-01
 -5.3169865e-02
 -1.7489002e+00
 -4.2338648e-01
  1.6429409e-01
  4.7710368e-01
  1.1344119e+00
 -3.0146512e-01
  8.1916086e-02
  2.4231458e-01
  3.9561465e-01
 -1.6182032e-01
 -2.4781942e-01
  2.8312200e-01
  3.0291763e-01
  6.1964836e-02
 -7.5319231e-02
  2.5258961e-01
  4.3213439e-01
 -9.9316353e-01
 -2.6408830e-01
 -2.3241314e-01
 -4.3419603e-01
  6.6744298e-01
 -1.3887269e+00
 -5.1924264e-01
  1.3604331e+00
 -3.5268095e-01
  1.2290757e-01
 -3.7086916e-01
 -3.8379207e-01
  4.4210970e-02
 -1.3984090e-01
 -2.4975339e-02
 -3.9834604e-01
  6.9298989e-01
 -3.7756354e-01
  1.5880246e-01
 -2.6165122e-01
 -5.8345443e-01
  5.2879769e-01
  5.5733347e-01
  2.2954125e-02
 -1.4877973e-01
 -1.0313450e+00
  2.5323060e-01
 -7.1054476e-01
  6.2658018e-01
 -2.0365748e-01
 -1.1057203e+00
  4.5044720e-01
  3.2346424e-01
 -4.7871289e-01
  6.4104623e-01
  3.8634908e-01
 -3.0072808e-01
 -2.7856502e-01
 -1.1905715e+00
 -2.6890618e-01
 -7.4785239e-01
 -1.6519108e-01
 -4.2123154e-01
 -6.4273876e-01
  6.3162315e-01
 -2.7840123e-01
  2.6209933e-01
 -1.0633998e+00
 -2.8821591e-01
  4.6072954e-01
 -2.2111189e-01
  6.3213456e-01
  6.4560896e-01
  2.8494883e-01
 -1.2570822e-01
  9.6007007e-01
 -4.1824865e-01
 -1.6433011e-01
 -9.7703941e-02
  1.8048867e+00
  2.9152043e+00
 -3.9234675e-02
 -7.4440908e-01
 -5.8851737e-01
  1.0966895e-01
  1.5096748e-01
 -4.6343422e-01
  6.7733293e-03
  1.3595953e+00
  2.1690254e-01
  2.1090801e-01
  4.6982635e-02
 -5.6137246e-01
 -4.5137748e-01
 -2.8656907e-02
  3.1154928e-01
 -1.2294338e+00
 -3.9688283e-01
  9.1742739e-02
  6.2080419e-01
  4.7729608e-01
  1.0249425e+00
  5.3874546e-01
 -4.5522726e-01
 -2.3848173e-01
  1.3961264e-01
 -4.8735482e-01
  9.2104018e-02
 -2.6249347e+00
 -3.5387838e-01
 -5.0095659e-01
  3.9346394e-01
 -1.6058795e-01
  1.8057849e+00
  7.5453991e-01
 -2.3134608e+00
 -4.5664425e+00
 -2.4727454e+00
  1.9182521e+00
 -3.0846672e+00
  2.5390834e-01
 -7.2305286e-01
 -6.0736364e-01
 -2.9484728e-01
  7.0451266e-01
 -9.5884383e-01
 -2.0777657e+00
 -1.3066076e+00
 -1.1456939e+00
  1.5050018e-01
  2.3598361e+00
 -1.7150804e+00
  7.4813801e-01
 -3.9030641e-01
 -1.7243162e-01
 -1.7436971e-01
  4.7245022e-02
 -2.5997155e+00
 -7.6066971e-01
 -2.3498924e-01
 -2.6223066e-01
 -2.5459704e-01
 -1.1776598e-01
  2.4995463e-01
  1.0969491e+00
 -7.4373102e-01
  1.2196936e-01
  3.2073063e-01
  3.4336066e-01
 -4.9234000e-01
  2.7038324e-01
 -5.4867085e-02
 -6.1594367e-01
  2.7507868e+00
  9.9639118e-02
 -9.8782346e-02
  8.7578669e-02
 -1.3145863e+00
 -7.6015085e-01
 -1.9504434e-01
 -8.4387744e-03
  1.4698520e-01
 -5.8729514e-02
 -8.6661875e-01
 -7.3774904e-02
  1.7808630e+00
 -2.2212484e-01
  2.8539882e+00
 -1.1270533e+00
 -6.7908347e-01
  3.3322081e-01
 -6.5804648e-01
 -1.2215855e+00
 -6.4103432e-02
  1.5757817e-01
  3.5414490e-01
 -3.3216473e-01
  5.0789595e-02
 -1.4494343e-01
 -6.6627967e-01
 -1.9052023e-01
  4.1472021e-01
 -1.1679343e-01
  1.6575821e-01
 -5.1048291e-01
  3.0342326e-01
 -4.5047242e-02
 -3.6729005e-01
  4.2220058e+00
 -1.4220729e-01
 -1.3590379e-01
 -5.3645509e-01
  1.6221862e-01
  1.5699458e-01
  1.7458117e-01
  1.9444849e-01
 -2.5506491e-02
  4.8402987e-02
 -1.4765322e-01
  3.2042362e-02
  1.0012766e-01
  5.4592639e-01
  3.8507774e-01
 -1.2860057e-01
 -8.4804609e-02
 -1.6313320e+00
  2.9573712e-01
 -5.3915006e-01
 -3.8534486e-01
 -4.6660846e-01
 -2.2653824e-01
  1.2123013e+00
 -1.2752997e+00
 -4.8936528e-01
 -2.2248767e-01
  2.4250355e-01
  3.4977156e-01
  3.6200395e-01
 -1.0313259e+00
 -2.6144290e+00
  1.6815852e-01
 -1.8361880e-02
  1.1496228e+00
  1.4273115e+00
 -2.0775907e-01
  6.2081939e-01
 -4.9157955e-02
  3.6469856e-01
  8.5320182e-02
  4.6512394e+00
 -1.1951069e-01
  6.9337606e-01
 -2.4365643e-01
  4.2312714e-01
 -3.5911421e-03
  9.0992592e-02
 -1.9687747e+00
 -7.8249705e-01
 -2.4609223e-01
  3.7867814e-02
 -1.4221983e+00
  5.4354900e-01
 -1.8491781e-01
 -2.7300416e-02
 -2.3249723e-01
  8.1160712e-01
 -4.7442073e-01
 -4.2680541e-01
 -3.8498229e-01
  3.7550011e-01
  2.2017022e-03
  1.2740817e+00
  3.9209476e-01
  8.7512070e-03
 -1.1607587e-01
  3.4632427e-01
 -3.0209538e-01
  3.1452137e-01
  3.6473122e-01
  6.0884529e-01
 -1.7272758e-01
  7.5724319e-02
  4.7376895e-01
  1.5524623e-01
 -4.2039809e-01
 -4.6496668e-01
  2.8518409e-01
  5.9241605e-01
  1.4112031e-01
  4.4112062e-01
 -1.8903744e-01
  1.3186824e-01
 -4.3981412e-01
 -2.0921628e-01
  9.4213998e-01
 -2.9473634e+00
 -3.6517549e-01
  6.2765032e-01
 -4.8074284e-01
  2.1799624e-01
 -1.0707482e+00
 -8.2636617e-02
  1.2564501e-01
  1.6252418e-01
  3.0074757e-01
 -6.1390385e-02
 -8.9302224e-01
  9.1807239e-02
 -3.8214944e-02
  5.1726943e-01
  4.6834877e-01
  4.7298822e-01
  3.2627538e-01
  1.1384717e-01
  1.9100852e-01
 -4.7271203e-02
  6.3223076e-01
 -1.5074185e-01
 -1.1484146e+00
 -3.6715057e-01
 -1.6313860e-01
 -1.0116586e-02
 -6.5209174e-01
 -2.7573389e-01
 -5.7310992e-01
 -4.7184065e-01
  3.1498265e-01
  3.4802604e-01
  5.5571586e-01
  2.1365608e-01
  9.7751278e-01
 -5.3226984e-01
 -3.7449157e-01
 -3.1156604e+00
 -1.4792134e+00
 -1.1994116e-01
 -2.9180220e-01
 -2.8123900e-01
 -1.7475167e-01
 -2.8602267e-02
 -8.3118165e-01
 -2.1999538e-01
 -5.5682772e-01
  5.7806093e-01
  2.3527528e-01
 -9.0168685e-02
  3.1342417e-01
 -7.6952636e-01
 -1.6674089e+00
 -2.7562046e-01
 -3.3522186e-01
  2.7817577e-01
  6.4428794e-01
  1.7182860e-01
  7.2848427e-01
  2.9859070e-02
  2.2849300e+00
  3.9718539e-01
 -8.5754818e-01
  2.5816253e-01
  3.9454186e-01
 -1.4128309e-01
  2.1630435e-01
 -3.8759267e-01
  1.8466389e-01
 -1.8089086e-01
 -1.1601771e-01
  6.5825504e-01
 -1.1911701e+00
  7.9629332e-01
 -1.2108484e-01
  9.5309454e-01
 -4.5065701e-01
 -2.8986940e-02
  5.3183313e-02
  2.9025280e-01
  6.4550638e-01
  7.7554132e-03
 -1.6180214e+00
  2.1388218e-01
  3.3278792e+00
  3.6855447e+00
  2.7089375e-01
 -1.2000280e-01
  3.9296541e+00
  2.5459164e-01
  8.7071705e-01
  2.7444494e-01
  1.4950010e-01
 -1.1801402e-01
 -4.0342543e-01
 -1.9803670e-01
  2.4494941e+00
  7.8185730e-02
  1.3009608e+00
 -3.3623216e+00
  1.5266771e+00
  1.4460497e+00
  2.5481409e-01
  5.3413904e-01
 -2.2997154e-01
  2.9106035e+00
 -3.5661194e-01
 -9.5245242e-01
  5.0575215e-01
  1.0070390e-01
 -2.5682259e+00
  2.5421137e-01
  1.3590781e-01
  6.4405698e-01
  2.0981188e+00
 -2.6538639e+00
 -9.9533416e-02
 -4.6961036e-01
  3.3218858e-01
 -5.5509263e-01
  1.0149413e-01
 -5.5923110e-01
 -8.0742985e-03
  3.3877054e-01
  5.5219918e-01
 -6.2953555e-03
  2.5342900e-01
  1.7375493e-02
  3.0395411e-02
  4.4620809e-01
 -2.1683133e-01
  4.4388753e-01
 -4.6907088e-01
 -2.5170746e-01
 -1.5464281e+00
  2.1568345e-01
  5.3913069e-01
 -4.8146546e-02
  4.0765825e-01
 -1.6472287e+00
 -3.7277755e-01
 -1.4734870e+00
 -5.0210744e-01
 -2.4545641e-01
 -1.1318157e-01
 -3.2413924e-01
 -4.1202918e-01
 -2.1677792e-01
  2.5323221e-01
 -3.2408857e-01
  1.4420229e-02
 -6.3183111e-01
 -7.8049675e-02
 -4.9054575e-01
  1.5085136e+00
  1.2245360e-01
 -1.7786525e+00
  4.3058127e-01
 -2.4286890e-01
  4.3872675e-01
 -4.8391223e-02
 -4.7705019e-01
 -1.8537267e-01
  7.8290206e-01
 -3.3374366e-01
  8.8554047e-02
 -1.5972552e+00
  4.8377028e-01
  5.4498479e-02
  2.7813723e+00
 -7.3588192e-01
 -8.3255327e-01
 -8.9238918e-01
  4.0598306e-01
  8.8689506e-02
 -6.8091668e-02
 -7.2964400e-01
  5.8946210e-01
 -3.0355377e-03
  1.5111700e+00
  2.2802813e-01
  3.7929617e-02
 -3.4725770e-01
  2.2726728e-02
  2.1073073e-01
  3.7905133e-01
 -2.1386552e+00
 -2.0697229e-01
  2.1462974e-01
 -2.6975904e-02
  2.3469439e-01
 -8.8866070e-02
  1.0843598e+00
 -5.0863475e-01
  4.9210325e-01
  4.7059831e-01
 -6.7145175e-01
  1.4065388e+00
  5.1824987e-01
 -7.0454001e-01
 -1.2690984e+00
  9.8898202e-01
  1.2857547e+00
  1.3278749e+00
 -1.0792943e+00
 -5.7521671e-01
 -6.5595412e-01
 -2.8809858e-03
 -1.5260862e-01
 -8.7281424e-01
 -3.0329043e-01
  1.1391146e+00
  1.0732668e-01
 -6.3824147e-01
 -5.5237567e-01
  2.0751497e-01
 -1.7897612e-01
  5.9477586e-01
  3.9193967e-01
 -1.5493023e-01
 -4.4499919e-01
 -5.0865035e+00
 -3.4804755e-01
 -9.3928553e-02
  5.8233106e-01
 -6.7327356e-01
  7.6944697e-01
 -1.6878959e+00
 -2.4014980e-01
 -8.3024645e-01
 -4.0603459e-01
  9.8821408e-01
 -4.0989834e-01
  1.2721416e-01
 -6.0474902e-01
 -6.0820312e+00
 -3.4390426e-01
 -3.0753201e-01
  4.3644062e-01
  2.0628242e+00
  1.9282214e-01
  3.3791083e-01
 -3.2968408e-01
  2.7488774e-02
  1.4393559e+00
 -3.4627450e-01
 -7.0997036e-01
  3.3247977e-01
  1.5211028e-01
  2.4138866e-01
 -2.0953198e-01
 -1.6173087e-01
 -7.6620167e-01
  1.8911918e-01
  2.7744851e-01
  1.9646186e-01
  2.6835811e-01
  2.0380020e+00
 -3.6836374e-01
 -1.0153291e+00
 -5.8121055e-01
 -4.3871470e-02
  6.3330847e-01
 -7.7066594e-01
  2.1511897e-01
 -7.7690309e-01
 -1.2327549e+00
 -1.1165687e+00
  5.2401257e-01
 -1.1125226e+00
 -1.6399558e+00
  7.1688044e-01
 -7.5395906e-01
 -1.2173756e+00
  9.3103468e-01
 -1.3048030e+00
 -6.5319020e-01
 -1.7075996e+00
 -8.8571362e-02
  1.5919738e+00
 -6.0440040e-01
  6.4900763e-02
 -1.7191918e+00
 -6.2975794e-01
  1.1128459e+00
  7.7133930e-01
  1.0377185e+00
 -1.0841639e+00
  2.4701723e-01
  1.3784175e+00
 -7.9802459e-01
  1.6231740e+00
 -2.3438056e+00
 -9.8465300e-01
  1.9699904e-01
  1.7392361e+00
 -1.2865475e+00
  1.7411040e+00
 -1.5756218e+00
  1.6127623e+00
  9.1449118e-01
  1.0529575e+00
 -7.3569340e-01
 -5.1640894e-02
  4.0292379e-01
  9.4521898e-01
  2.4330294e-01
 -1.9134912e+00
 -9.0784460e-02
 -8.1193602e-01
  2.2594787e-01
  3.7815604e-02
  5.9606290e-01
  2.1266432e+00
  2.5045946e+00
  4.5295376e-01
 -1.9706868e+00
 -1.0544369e+00
 -4.8309526e-01
 -1.1548359e+00
 -3.3911303e-01
 -2.9526877e-01
 -6.8930691e-01
 -1.4237344e+00
  2.8802282e-01
 -1.2274889e+00
  1.1173203e+00
 -9.1630965e-01
 -4.7029355e-01
 -6.5345913e-01
  7.3270476e-01
  2.4484572e+00
  1.0808866e-01
  7.1724516e-01
 -3.4025750e-01
  1.0720848e-01
  3.7640896e+00
 -3.7212190e-01
  4.7898066e-01
  7.5082588e-01
 -9.9381274e-01
  2.7949326e-02
 -4.2107877e-01
 -5.7468981e-01
  2.2194618e-01
 -1.1191815e+00
  3.1350103e-01
 -1.0290621e-01
  1.5457774e+00
  1.7685443e-01
 -5.8073092e-01
 -7.6811492e-01
 -7.3843521e-01
 -2.5526392e-01
 -1.1157720e+00
  6.0849041e-01
 -2.0402064e+00
  1.2251159e-01
 -1.4024842e+00
 -1.3177931e-01
  8.3602244e-01
 -3.7486431e-01
 -6.3175690e-01
  6.9144088e-01
  5.5936927e-01
  5.1922369e-01
 -8.5462099e-01
  2.1925060e-01
  5.4835957e-01
  6.4850616e-01
  3.7720269e-01
  4.9780488e-01
  1.7332517e+00
 -1.3966663e+00
  1.7335880e+00
  7.6957566e-01
  6.9478969e-03
  1.5228481e+00
 -6.1952007e-01
 -2.6157954e-01
  1.4551221e-01
 -1.3941973e-01
  5.3322482e-01
 -1.3611348e-01
 -6.3932586e-01
 -4.7072708e-03
  9.0939648e-02
 -9.3279548e-02
 -1.1871915e-01
  1.7057818e+00
  6.3395560e-01
  8.5365504e-02
  1.5198864e+00
 -5.3752530e-01
  3.4863152e-02
 -7.7759206e-01
 -5.4367596e-01
  9.9776432e-02
 -1.3503546e-01
  1.5193494e-01
 -6.8301523e-01
 -1.3732746e-02
  6.2451813e-02
 -7.7935779e-01
 -1.0379191e-01
 -1.6223596e-01
 -2.2773872e-01
 -7.4899435e-01
 -3.0143306e+00
 -7.5676018e-01
 -1.2520986e-02
  2.5907855e+00
 -1.6775800e-01
 -2.6731703e-01
 -5.2618569e-01
  5.3708762e-01
 -2.6793808e-01
 -4.6740924e-03
 -5.7847577e-01
  1.5872949e-01
 -3.5751417e-01
  2.2464763e-01
  2.0138539e-01
  2.8132908e-03
  3.4277320e-01
  8.0681473e-01
  2.5996413e+00
  4.3849292e+00
 -1.8242153e+00
 -1.5296806e+00
 -1.9453588e+00
 -5.0679678e-01
  9.6847796e-01
 -7.7945411e-01
  8.2216054e-02
 -9.4400871e-01
  6.5067691e-01
  1.8685348e+00
  3.2323334e-01
 -4.2578596e-01
  1.1161615e+00
 -8.8452137e-01
  9.9092668e-01
  1.3085766e+00
 -1.3109924e+00
  2.4906917e+00
  1.3803118e-01
 -9.3473393e-01
 -6.3727653e-01
 -1.7821059e-01
  3.0326972e+00
 -2.2372951e-01
  5.0122255e-01
  9.5961072e-02
 -1.9571248e-01
 -6.4940721e-01
 -3.6214791e-02
  2.4331228e-01
 -3.0684200e-01
  4.2756087e-01
  8.0060405e-01
 -1.1550012e+00
 -4.0847766e-01
  8.4612352e-01
  3.1561244e-01
 -9.1926908e-01
 -1.9196980e-01
 -1.4179835e+00
  5.5268893e+00
  1.8479341e+00
 -1.7387226e+00
  7.5582370e-02
 -5.1558512e-01
  7.2598810e+00
 -6.8417275e-01
 -5.9497398e-01
 -2.8996789e-01
 -4.1465577e-02
  5.6638908e+00
 -1.3997607e+00
 -2.6978016e-01
  8.3839720e-01
  6.3811892e-01
  5.2746239e+00
 -6.8867946e-01
  1.0151340e+00
 -3.5167682e-01
 -5.5015504e-01
  7.0168734e-01
  1.8254576e+00
  1.1565783e+00
 -7.8513527e-01
 -3.9395714e-01
 -8.5461980e-01
 -6.4244419e-01
  1.3922234e+00
 -6.3927001e-01
  9.0177441e-01
  9.7692013e-01
  3.9380565e-01
 -5.2164102e-01
  5.1041788e-01
 -5.0106153e-02
  1.0423374e+00
 -1.1785788e-02
 -6.1360902e-01
 -3.7531787e-01
  2.7649647e-02
 -5.8713526e-01
 -1.0766559e+00
 -1.2081240e+00
  1.2105379e-01
  1.6339147e+00
 -1.2074778e+00
  8.0414420e-01
 -1.1383803e+00
 -4.6583116e-01
 -3.7970266e-01
 -1.0404423e+00
  1.0365021e+00
 -4.5321482e-01
  5.8046758e-01
  1.3176790e-01
 -1.4838925e-01
 -6.3936102e-01
  7.6566750e-01
 -5.0595924e-02
 -4.7649926e-01
  9.6871458e-02
  8.3752429e-01
  9.4412142e-01
 -4.9945998e-01
  7.1939123e-01
  6.6115665e-01
  2.4124844e-01
  6.3418293e-01
 -7.9029524e-01
 -1.3114891e+00
  8.6624928e+00
  9.0690601e-01
  2.5114831e-01
 -2.1075802e+00
  1.2695923e+00
  8.6683235e+00
  7.6612085e-01
 -1.9329859e+00
  5.1347023e-01
  1.2885029e+00
  5.2041802e+00
  8.6701989e-01
  4.0982610e-01
 -2.3524795e+00
  2.9651493e-01
  4.6276884e+00
  2.0560961e+00
  8.2855588e-01
 -2.2415990e-02
  3.3953878e-01
 -5.4075241e-01
 -6.6989952e-01
  3.7277505e-02
 -1.0392281e-01
  1.4633995e+00
  8.8854682e-01
  1.9433360e+00
  4.1825347e-02
  1.3098850e+00
 -2.9856724e-01
  1.4062171e+00
  8.0921397e-02
  7.0840761e-02
  1.4220726e+00
 -3.8654865e-03
  1.5732285e-01
 -6.6992897e-01
 -3.8065425e-01
  2.3729177e-01
 -6.7866407e-02
 -2.8681788e-01
 -1.5076557e+00
 -4.8546538e-01
 -1.1161853e+00
 -4.2129645e-01
  2.0463619e-01
 -1.7464583e-01
  4.3075800e+00
  3.9002824e-01
 -3.6984670e-01
  1.9575706e-01
  9.7803199e-01
  5.4216567e-02
  2.0127335e-01
 -2.6752478e-01
  1.3798930e-01
 -6.8108708e-02
  2.0667419e+00
 -1.0942175e-01
 -1.3862067e+00
 -9.4371498e-01
 -6.6586834e-01
 -3.1961639e+00
  2.4240898e-01
 -4.4585586e-01
 -1.2900081e+00
 -3.1839520e-01
 -8.2847911e-01
 -4.7242291e-02
 -4.0316957e-01
 -8.3284789e-01
  3.1662601e-01
  3.5339007e-01
  3.3143175e-01
 -4.7218233e-01
 -5.1879352e-01
 -3.1839615e-01
 -3.9276576e-01
 -5.3612846e-01
  1.4933544e-01
  5.9412646e-01
  1.3304135e+00
  3.1888574e-01
 -1.9934052e-01
 -4.3835655e-01
 -6.1087865e-01
  7.8996092e-01
  7.4499273e-01
 -3.4112591e-01
 -7.5044394e-01
 -1.8794619e+00
  1.5018152e+00
  1.9714861e+00
 -5.7852203e-01
  5.3345597e-01
 -3.1313002e-01
 -3.9599739e-02
 -7.9520816e-01
  1.5418761e+00
  9.4434786e-01
 -6.1781637e-02
  4.1055346e-01
 -2.6410028e-01
 -7.4293518e-01
 -1.2220339e+00
 -3.2219408e+00
  2.2282215e-02
 -2.3039393e+00
  1.8013602e-01
 -1.5953544e+00
 -1.4223855e+00
  1.3526821e-01
  5.0386500e-01
 -4.0419891e-01
 -3.3300090e+00
 -2.3374677e+00
 -5.3932029e-01
 -2.9733559e-01
 -2.4677803e-01
 -8.9892900e-01
 -1.9952351e+00
 -1.0436219e-01
 -2.8742832e-01
 -3.1544057e-01
 -4.2021945e-01
  3.8425066e+00
 -4.3015224e-01
  9.9257666e-01
  2.6178750e-01
  5.0597447e-01
  1.0779954e-01
 -1.4502315e-01
 -7.9800767e-01
 -3.6361845e+00
 -1.9863061e+00
 -1.6667870e-03
 -1.4280070e+00
  2.3084722e+00
 -2.6971881e+00
  4.0650737e-01
 -2.7137691e-01
 -4.6105468e-01
  7.2239035e-01
  6.0221225e-01
  1.1276293e+00
  4.9224649e-02
  5.0322688e-01
  1.9695108e-01
  2.4457276e-01
  6.2227231e-01
  2.6776654e-01
 -4.8401978e-02
  8.5529789e-02
 -1.1221912e+00
  3.1380978e-01
  9.0849891e-02
 -1.3742740e-01
 -3.8890022e-01
 -3.2888171e-01
  1.2051957e-01
 -5.6378126e-01
 -9.4777085e-02
 -1.7742988e-01
  1.2600254e+00
 -3.3872727e-01
  7.9404533e-01
  1.5382046e+00
 -1.1741216e+00
  4.4243007e+00
  9.4945091e-01
  8.4920597e-01
  2.3242123e+00
  2.1399798e+00
 -1.4779458e+00
  1.4655272e+00
 -1.2453854e-01
  8.8898051e-01
  5.5483800e-01
 -7.5569516e-01
  1.9019188e+00
  1.5902990e+00
  1.9428185e+00
  1.1021432e+00
 -3.2823330e-01
  6.5776789e-01
  8.9149272e-01
 -5.8028305e-01
  6.4007854e-01
 -4.7468832e-01
  1.8981296e+00
 -1.8712962e+00
 -1.6073511e+00
 -6.5240008e-01
  4.0279526e-01
  7.1498019e-01
 -5.8353907e-01
  1.1782639e+00
 -4.8244971e-01
  2.5185642e-01
  4.4506386e-01
  4.8895234e-01
  5.2741761e-03
 -6.0461766e-01
 -6.7448562e-01
  7.0175904e-01
  1.8642570e-01
 -3.0269632e-01
 -6.8443137e-01
  3.2136741e-01
  3.8591027e-01
 -3.4532672e-01
  2.4483636e-01
  3.6187746e-02
 -4.1752804e-02
  1.5317242e-01
 -2.7538329e-01
  1.2302335e-01
 -6.3633062e-02
  1.0824504e-01
 -1.4489291e+00
 -1.8329595e-01
  1.2592379e+00
  5.9030496e-02
  4.9438086e+00
 -2.9658186e-01
  1.8225303e-01
  1.0198984e+00
  2.4557625e-01
  2.6191413e-01
 -1.5611003e-01
  2.1947989e-01
  7.2808284e-01
 -2.4335327e+00
  2.1555160e-01
 -5.2302837e-01
 -3.5199142e+00
 -2.1190629e+00
  1.1705886e+00
  9.2461532e-01
  1.0341201e+00
  3.0187113e+00
  1.2319808e+00
 -1.0726912e+00
 -4.8908436e-01
 -2.7936844e-02
  7.7634490e-01
 -2.9425257e-01
  9.6515840e-01
  3.6655226e-01
  9.5364583e-01
 -3.0026135e-01
  1.9399128e+00
 -2.4956629e-01
 -1.2153082e-01
 -1.6712987e+00
 -4.0305576e-01
 -6.3300049e-01
  9.9335206e-01
 -7.1892780e-01
 -5.1780766e-01
 -7.5991911e-01
  1.3543529e-02
 -3.5028806e-01
 -1.7087294e-01
 -1.5201942e+00
  1.6220725e+00
 -1.0473075e+00
  1.2814930e-01
  1.0237237e-01
  2.3503387e-01
 -4.0737784e-01
  1.4585041e+00
  6.2344480e-02
  4.9859667e-01
 -8.4052336e-01
 -4.5804188e-01
 -8.7364562e-02
  1.7430940e+00
  1.9998926e-01
 -1.0278672e+00
  8.0381654e-02
 -1.0444570e+00
 -1.1961002e+00
 -2.3846135e-01
 -9.7133404e-01
  9.7448432e-01
 -1.0954690e-01
  1.3360903e-01
 -4.3557036e-01
 -1.5816754e-01
  1.2133073e-01
 -7.0627183e-01
 -2.6589593e-01
  5.9264865e-02
  2.0131966e-01
  2.4142346e+00
  2.5489515e-01
 -4.6482135e-02
  7.8821898e-01
  1.1157093e-01
  4.2715460e-01
  1.3600762e+00
  3.4731808e-01
  6.0611319e-02
 -4.5440698e-01
  8.8976282e-01
  5.9511918e-01
  1.3557812e+00
  3.5468686e+00
  4.3709178e+00
 -7.6011616e-01
  1.6892157e+00
  2.0406702e+00
  3.0184358e-01
 -1.8549252e-01
 -2.0548274e-01
  7.9385054e-01
 -7.2153158e-02
  1.1822885e-01
  2.7254741e+00
  8.7938827e-01
  2.9643342e-01
  2.6379688e+00
 -1.0080982e-01
  4.6508441e+00
  1.4878805e-01
  1.2347356e+00
  3.3338604e+00
  4.7064718e-02
  3.1315389e+00
  1.1992707e-01
 -4.6664634e-01
 -7.6324493e-01
 -6.8497464e-02
 -8.3666128e-01
  2.6204380e-01
 -1.0534133e-01
  7.5367939e-01
  4.9983516e+00
 -1.9499251e-01
 -1.3657155e+00
 -3.5419112e-01
  1.0497534e+00
 -5.1504803e-01
  1.5370198e-01
 -1.1788590e+00
 -4.4671923e-01
 -3.1013826e-01
 -1.9441595e+00
 -4.3505615e-01
  4.8559663e-01
 -8.6355448e-02
 -9.2430077e-02
 -1.8025568e-02
  1.0537338e+00
  7.0187610e-01
 -5.4939574e-01
 -1.7511234e+00
  5.1123333e-01
  3.3203599e+00
  3.1367524e+00
 -9.6621972e-01
 -2.0106193e-01
  3.7405071e-01
 -6.2640017e-01
  2.1824305e+00
 -2.5504441e+00
 -7.1502006e-01
 -6.9188213e-01
 -9.0102464e-01
 -1.6335109e+00
  1.1437260e+00
  4.1853505e-01
 -3.4187919e-01
 -1.8210876e-01
  1.4406565e+00
 -1.2248275e+00
 -4.3465193e-02
  7.8793287e-01
 -1.9625202e-02
 -2.2002900e+00
 -2.1402941e+00
 -9.2924750e-01
  3.7942633e-01
  2.0782523e-01
 -9.1902232e-01
 -1.0267164e+00
 -2.4511969e+00
  2.5345104e-02
  2.1287916e+00
  8.3237603e-02
  1.0116294e-01
  7.8656644e-01
 -1.1531869e-01
 -2.5008848e+00
 -5.5064588e+00
 -6.9830239e-01
 -1.7812123e+00
 -2.0470437e-01
 -7.2585660e-01
 -5.7932949e-01
  8.5185969e-01
 -1.2593521e+00
 -5.4707938e-01
  3.4209901e-01
  5.1062965e-01
  3.8185638e-01
  3.3114629e+00
  4.8921707e-01
 -1.2603040e+00
  2.9346791e-01
  7.2738454e-02
  2.2105740e-02
 -3.6751616e-01
 -7.6617658e-01
  2.4541214e-01
 -2.7326849e-01
  1.4641724e+00
 -4.9639843e-02
  9.8421603e-01
  2.3717124e+00
  2.8017458e-01
  5.2888703e-01
 -5.0293076e-01
  3.5338002e-01
 -1.6762300e-01
  1.2428896e+00
  1.2281057e+00
  2.7620482e-01
 -9.3981516e-01
  1.6665515e-01
  1.6235590e+00
 -4.1099568e-03
  6.1384410e-01
  6.4473730e-01
 -1.1970307e+00
 -1.0484174e-01
  1.1890651e+00
  6.3832831e-01
 -3.5756013e-01
  5.8564216e-01
 -6.4676851e-01
  5.0910842e-02
  7.6972985e-01
 -6.1979014e-01
  3.8125739e-01
  1.8787362e-02
 -1.3309433e+00
 -2.5394106e+00
 -1.0967830e+00
  1.9720311e+00
 -1.5506130e+00
  2.3647532e+00
  1.4166498e-03
 -1.4581074e-01
 -5.8624882e-01
 -1.5574335e-01
  1.7097342e+00
 -5.1732315e-03
  2.0462396e+00
  1.4154986e+00
 -5.1248056e-01
 -2.0676229e+00
  1.4829075e-01
 -2.9322872e+00
 -1.0159954e+00
  3.3653352e-01
  3.0662251e-01
  1.4648613e-01
 -1.2337978e+00
  2.8817130e-02
  2.3397776e-01
  1.3548778e-02
 -6.6590530e-01
 -1.3224816e+00
 -5.5735731e-01
 -3.5416496e-01
  1.7426479e-01
  3.3856618e-01
 -3.5413262e-01
 -4.4028217e-01
  2.4691782e+00
  2.6288035e+00
  1.8537140e+00
  1.1744779e+00
 -2.0807550e+00
  3.7393373e-01
  1.4833964e+00
  3.9734778e-01
  4.7830945e-01
  7.9801798e-01
 -6.9065338e-01
 -2.3930850e+00
 -1.0120763e+00
  2.1405277e+00
  7.1895671e-01
 -1.8638848e+00
  9.8208410e-01
 -4.8794317e-01
 -2.4184935e+00
  2.6135757e+00
 -1.4684649e+00
 -1.0347776e+00
 -5.7583219e-01
 -1.5558962e-03
  2.1250374e+00
  4.9734134e-02
 -1.5826854e+00
 -1.5971759e-01
 -1.0758067e+00
 -8.8978678e-01
 -2.4001136e+00
 -4.2720285e-01
 -3.0345306e+00
  1.5596424e-01
 -7.1305430e-01
 -6.9715887e-01
 -3.2167628e-01
 -1.4846753e+00
  2.5489026e-01
  8.6587226e-01
 -6.1369486e-02
  3.2847723e-01
  2.6483005e-03
 -5.5757803e-01
  9.6970105e-01
 -2.2775404e-01
  2.5615102e-01
 -3.6516017e-01
 -8.8868058e-01
  1.3021846e-02
 -1.3215228e+00
  5.8785696e-02
 -4.2531434e-02
  7.4011058e-01
 -3.1710428e-01
 -7.1318060e-01
  3.1451306e-01
 -1.4896249e+00
 -3.6471498e-01
  3.2306492e+00
 -3.3765536e-02
  1.0299677e+00
  3.2359746e-01
 -5.6116756e-02
  7.2028321e-01
  1.0945727e+00
  8.8512290e-01
  4.2298332e-01
 -5.5403131e-01
 -2.3751974e+00
  1.2897488e+00
 -1.0339696e+00
  2.2843924e+00
 -5.6052959e-01
  1.9739045e+00
  1.1997228e+00
 -4.7253497e-02
  1.8178017e+00
 -2.2961743e+00
 -2.7640712e-02
  7.1007514e-01
  2.0221550e+00
  4.2286289e-01
 -1.6422904e+00
 -1.4080890e+00
  1.8147175e+00
 -2.1792777e+00
  1.7474034e+00
 -3.5361588e+00
  1.8844473e+00
 -2.7598667e-01
 -2.4409185e-01
 -8.6877656e-01
 -3.6648953e+00
 -1.1928854e+00
 -6.9184917e-01
  2.0284891e+00
  3.6578622e-01
  1.7220069e-01
  1.0532565e+00
  7.1147346e-01
 -5.7872766e-01
 -1.0248367e-01
  3.3075231e-01
  1.1904517e+00
 -1.8849133e+00
 -1.4292828e+00
  2.1690581e-02
  1.6736306e+00
  3.0988377e-01
 -6.3664925e-01
  2.7578247e+00
  1.2571752e+00
  3.5863165e-02
  4.3865448e-01
 -5.0195426e-01
  4.6725132e-02
 -1.6051741e-01
  2.7801101e+00
 -9.6292681e-01
 -1.3733298e+00
  5.0651217e+00
  1.2481882e-01
  1.0483071e+00
  4.4134757e-01
  2.3173202e-02
  1.5589451e+00
  5.1298165e-01
  1.1794274e+00
 -1.0301229e+00
  6.0932505e-01
 -1.4928540e+00
 -8.5714281e-02
  2.2079590e-01
  3.2052591e-01
  3.0509403e-01
  2.2454855e-01
 -1.3867834e+00
  1.0641785e+00
  1.7210793e-01
 -6.2938643e-01
  1.9498236e-01
 -4.8943687e-02
 -2.4665089e+00
  1.3312380e+00
 -3.8601011e-01
  2.1280806e+00
 -3.0015147e-01
  1.1978865e+00
  1.5617362e+00
 -2.3514585e+00
  8.1103069e-01
  3.7465668e-01
  2.7287760e-01
  5.8259833e-01
 -1.0086161e+00
 -1.9877614e+00
 -6.4954513e-01
  1.9685229e+00
  2.2558577e+00
 -3.8831225e-01
 -1.1006352e+00
 -1.8101515e+00
  6.1609787e-01
  9.6295148e-01
 -2.5821869e+00
  1.0582768e+00
  4.3593398e-01
 -2.9583853e-01
 -1.2870489e+00
 -3.0961972e-01
 -2.9719317e-01
 -1.3153553e-02
  7.3674762e-01
  2.9810202e-01
 -2.7381462e-01
  2.3924875e+00
  1.4972243e+00
  2.9209607e+00
 -1.5157226e+00
  6.9340837e-01
  9.6557039e-01
  4.3306440e-01
  6.0790074e-01
 -1.6496497e+00
 -3.2972943e-02
  1.8314816e+00
 -2.2146437e+00
  5.9988010e-01
  7.0604765e-01
  8.5852700e-01
  5.5227643e-01
  6.5003836e-01
  1.3306133e+00
  1.1340550e+00
 -2.3054604e-01
  1.2107388e+00
 -7.6487511e-01
  2.2100511e+00
  4.7504237e-01
  4.0907106e-01
 -4.6026658e-02
 -5.3227663e-01
  5.3673887e-01
 -1.5503545e-01
 -1.5186260e+00
  5.3650588e-01
  4.4827795e-01
 -2.7652405e-02
  3.6144964e-02
 -9.4683811e-02
  1.1202372e+00
  1.0042106e+00
  1.0407621e+00
 -1.0704088e+00
  2.6269729e-04
 -6.2070984e-01
  5.9634663e-02
  1.1146236e-01
 -9.2044187e-01
 -9.4336145e-02
 -2.0203577e-01
 -5.9026711e-02
 -2.2822429e-01
  2.7601698e-01
  5.9331411e-01
  1.7598327e-01
 -5.6344825e-01
  3.2689333e-01
 -7.7874285e-01
 -1.1674842e+00
 -1.7810251e+00
  3.9771136e-02
 -1.3585591e+00
  6.1838203e-03
  4.4173518e-01
  1.1172792e-01
 -2.7979583e-02
 -1.0678792e+00
 -2.2237228e-01
  4.3387800e-01
  1.4589188e-01
 -5.0272625e-02
  4.5284057e-01
  1.7649160e-01
  3.4968302e+00
 -1.7114694e+00
  8.4686995e-01
  1.2661237e+00
 -1.4128956e-01
  1.4953207e+00
 -2.8529826e-03
  3.6276928e-01
  6.2924320e-01
  6.7087901e-01
  3.7153670e-01
  1.0760176e+00
 -1.5801353e+00
  3.4295130e-01
 -6.8063617e-01
  2.6714611e-01
  4.2427540e-01
  5.5227536e-01
  1.4796345e-01
 -2.0977959e-01
  2.6235485e+00
 -2.9698297e-01
  3.6627620e-01
  9.0060151e-01
 -1.3885555e-01
  1.9691994e+00
 -4.0518653e-01
 -6.1438745e-01
  3.7961715e-01
 -6.2149745e-01
  7.8851509e-01
  5.1956743e-01
 -1.6099524e-01
  1.3616781e+00
 -2.3287363e-01
  1.9158034e-01
 -1.5413282e+00
  1.0561258e+00
  1.1473603e+00
  2.0135443e+00
  1.9583714e-01
 -1.2304709e+00
 -1.3649294e+00
 -5.0668091e-02
  2.1909874e-02
  1.1572906e+00
 -1.2217302e+00
 -4.2042267e-02
  9.9398655e-01
  1.2736410e+00
  1.0764884e+00
  3.2136688e-01
  4.2530778e-01
 -1.0989590e+00
 -1.7803322e-01
  7.7036911e-01
  3.3661562e-01
 -6.3273752e-01
  7.6731640e-01
 -5.9188086e-01
  5.0069028e-01
 -7.9184413e-01
  3.3324429e-01
  5.7257569e-01
  6.8038595e-01
  2.4771526e-01
  6.4034438e-01
  1.4609060e+00
 -5.2639537e-02
  1.0907769e+00
  2.3848934e+00
  1.9100505e-01
  4.1269612e-01
  6.2749225e-01
 -2.7016267e-01
 -4.0387613e-01
  4.6997172e-01
  4.7085997e-02
  6.2273520e-01
  1.6985434e+00
 -3.6753207e-01
 -7.1630538e-01
 -1.6883416e+00
  9.7946391e-02
  2.1286886e+00
 -3.8024586e-01
  1.3521155e+00
 -2.1153693e+00
 -2.0318146e-01
  2.4921103e+00
 -2.7523407e-01
  1.8312640e-01
  4.3698230e-01
 -5.2133018e-01
  1.3005627e+00
  1.9944647e-01
  1.4152719e+00
 -4.4515374e-01
 -4.3265262e-01
 -1.0241693e+00
 -6.0150832e-01
  4.6040082e-01
 -1.3043146e-01
 -2.1227852e-01
  4.1832238e-01
 -1.4658155e+00
  6.2037057e-01
  2.2813497e+00
 -3.6851725e-01
 -6.2640113e-01
 -1.2047609e+00
  3.9300260e-01
  5.8072227e-01
  6.1426169e-01
 -1.2616533e+00
 -1.4303633e+00
 -5.6061137e-01
 -2.3368478e+00
  8.1857312e-01
  1.1717837e+00
  1.0957280e+00
  1.4752756e+00
 -1.8064333e+00
  2.7251470e+00
  7.5473601e-01
  2.7974400e-01
 -1.8646919e+00
 -5.4369456e-01
  1.4149503e+00
  1.6635007e+00
 -8.1912899e-01
  1.1283226e+00
 -9.3882519e-01
  6.8968844e-01
  2.8935409e+00
  7.2447139e-01
  2.7099603e-01
 -4.6915704e-01
 -7.1622109e-01
  2.7844946e+00
  7.3632747e-01
 -1.2132804e+00
 -3.3129525e-01
  2.8739363e-02
  2.1227689e+00
  2.0392563e+00
 -9.1887259e-01
  6.5108460e-01
  1.4353229e+00
 -4.4425663e-01
  8.9409751e-01
 -3.5538652e+00
  9.8374701e-01
 -5.3681755e-01
  1.1434823e+00
 -1.4670619e+00
  1.9411327e+00
  2.7583461e+00
  8.9791417e-01
 -1.9647800e+00
 -9.9444312e-01
 -4.9245870e-01
  6.0728711e-01
 -7.4174124e-01
 -2.8718488e+00
  2.0627365e+00
 -2.1710818e-01
 -1.5228868e-01
 -1.5335383e+00
  4.4762662e-01
  1.2868600e+00
  1.6236475e+00
 -1.1980373e+00
 -6.3425839e-01
 -4.3583465e-01
 -2.5753018e-01
 -2.2083196e-01
 -6.0002774e-01
 -1.0644791e+00
 -8.4484416e-01
  7.7000958e-01
 -8.7784845e-01
  8.5975915e-02
  5.2649105e-01
 -7.5735259e-01
 -4.2308509e-01
 -1.5190468e+00
 -2.1463197e-01
 -1.8057537e+00
  1.3697115e+00
 -6.0359210e-01
  6.5797418e-01
  1.2595351e+00
 -4.3646693e+00
 -5.9473491e-01
  4.4699761e-01
  6.9158167e-02
  2.0581937e-01
  5.9812236e-01
  1.4723229e-01
  4.5479727e-01
 -1.0220733e+00
 -3.6758661e-01
 -2.0811318e-01
 -8.4005302e-01
  3.8668005e+00
  6.5080166e-01
 -7.6231396e-01
 -9.3825263e-01
  9.6280836e-02
  2.7129071e-02
  4.8565248e-01
 -3.8485447e-01
 -5.6673431e-01
  1.1925434e+00
  9.5798779e-01
 -1.2404451e+00
 -2.1712348e-01
 -4.1721764e-01
 -2.6250058e-01
 -2.1403454e-01
  3.2000110e-02
 -1.1127429e-01
 -2.3207916e-01
 -7.6538038e-01
 -9.6550167e-01
 -2.9382691e-01
 -1.4761938e-01
 -5.7236201e-01
 -4.8520404e-01
 -1.9215673e+00
  1.0446154e+00
 -2.3761106e-01
 -7.2120637e-01
  2.9690662e-01
  3.9779198e-01
 -2.8959563e-01
 -5.2210987e-01
 -7.2862339e-01
 -7.5919366e-01
  6.7519367e-01
  9.8260283e-02
  7.5660449e-01
  1.7682478e-01
  1.7925815e-01
  1.2247065e-01
  3.0599099e-02
  1.1390957e+00
  1.9869065e-01
  2.1061597e+00
 -1.2076107e+00
  6.9962895e-01
 -5.9615356e-01
 -6.6939884e-01
  1.3953861e+00
  3.8034669e-01
  4.5554376e-01
  6.2492132e-01
 -2.7399629e-01
  1.2561446e-01
 -1.9156051e+00
 -1.2285208e+00
 -1.9123916e-01
 -3.9631626e-01
 -1.8796364e-02
 -7.5803119e-01
  7.0283139e-01
  8.0430013e-01
  4.8298535e-01
 -3.1598717e-01
  1.0625128e+00
 -5.5358149e-02
  2.7476129e-01
  8.0043800e-02
 -3.4154812e-01
  2.3619105e-01
 -8.9516544e-01
  1.9912039e-01
  1.0496221e-01
 -3.6581239e-01
  6.3291681e-01
 -3.2872146e-01
 -7.9590398e-01
  9.7011030e-02
 -1.4189805e+00
 -1.6660236e-02
 -5.3506106e-01
  3.3179569e-01
 -1.6582355e-01
 -2.7195644e-01
  1.1054318e-01
 -1.1108656e+00
 -1.0630720e+00
 -6.8416214e-01
 -2.0525311e-01
  1.0249355e+00
 -4.3956897e-01
 -3.4933637e-03
  4.8226839e-01
  1.8785353e+00
  2.1941215e-01
 -3.6663356e-01
 -1.8771464e-01
  8.9005846e-01
  1.6352187e-01
 -2.8122860e-01
  4.3604512e+00
 -1.1236205e+00
 -1.7600507e-02
  2.1990471e-02
 -4.8052010e-01
  1.4625480e-02
 -1.2479134e-01
  2.1495147e-01
  5.1843411e-01
  1.2873012e+00
 -3.3271212e-02
 -1.0885218e+00
 -2.7871171e-01
 -3.4370521e-01
  4.2232168e-01
  3.5252330e-01
 -2.5247857e-01
 -4.2556062e-01
  2.0834680e+00
 -3.8704035e-01
  1.5440477e-01
 -3.0506891e-01
  2.6561990e-01
 -2.0156813e+00
  5.8656222e-01
 -5.3665414e-02
  1.1724529e+00
  5.2848499e-02
 -7.5392777e-01
 -3.9859515e-01
 -3.7245360e-01
  5.9226859e-01
  4.0143317e-01
  2.0071068e-01
  4.8266801e-01
 -3.8075218e-01
 -9.7385012e-02
 -9.0895081e-01
 -1.8816481e+00
  2.1397009e-01
 -1.7220316e+00
  1.1991414e+00
 -7.4420613e-01
 -1.1832525e+00
 -8.7975472e-02
  1.1945090e-01
 -6.0061401e-01
  8.9143805e-02
  3.6794358e-01
 -1.0240054e+00
 -5.0816172e-01
 -2.0045841e+00
 -1.6013774e+00
 -3.8415700e-01
  1.2192765e+00
 -1.3025247e+00
 -1.0405338e+00
 -3.4876159e-01
 -1.4682535e+00
 -1.2913185e-01
  3.4646228e-01
  4.9384586e-03
 -4.5227221e-01
 -7.6371986e-01
 -5.1313922e-02
  1.4956896e+00
 -1.5252450e-02
  2.1835687e-02
  1.8426509e-01
  1.3169286e+00
 -1.1080875e-01
  7.0253217e-01
 -9.5124727e-01
 -1.9376892e-01
 -5.7007974e-01
 -3.5950401e+00
 -6.0146248e-01
 -7.3647451e-01
 -3.4529772e-01
  8.5615262e-02
  2.2620251e+00
  6.4299554e-01
 -2.0631325e-01
 -2.5599494e+00
 -5.9031701e-01
 -8.2953793e-01
 -4.7952981e+00
 -1.3240858e+00
  4.8795217e-01
  5.5490863e-02
  1.0045421e+00
  1.0355305e-01
 -6.7267650e-01
  1.2005457e+00
  5.3248942e-01
  4.0088567e-01
 -1.6818741e-01
 -8.4117979e-01
 -1.8906873e-01
  1.6925563e+00
  8.9225113e-02
 -4.3019045e-02
 -4.6004382e-01
  7.1439695e-01
  2.4164634e+00
 -9.0735847e-01
  1.6044567e+00
 -1.3046161e+00
  1.0292377e-01
 -4.0774717e+00
 -1.6313933e+00
  2.9148622e+00
  1.4523796e+00
  2.3416879e+00
 -6.1210933e+00
 -2.3855953e+00
 -1.0545908e-01
  1.5282544e-01
 -1.1144215e+00
 -6.9920297e+00
 -1.7727214e+00
  6.6630977e-01
  9.6070731e-01
 -2.7861240e+00
 -3.8807552e+00
 -3.3945253e-01
  6.0287696e-01
  7.2916931e-01
 -1.4199790e+00
 -9.8243803e-01
  8.0450308e-03
 -4.6106476e-01
  5.9787542e-01
 -1.2459955e+00
 -2.7120123e+00
 -1.5168519e+00
 -2.4551699e+00
 -1.2736822e+00
 -3.9965624e-01
  2.3142505e+00
  4.9258128e-01
  1.3750377e+00
 -7.9436821e-01
 -5.0332659e-01
  9.5379972e-01
  6.4499789e-01
 -8.0766857e-01
 -6.1410522e-01
  1.1068537e-02
  1.2592496e+00
  1.2480356e+00
 -1.5718967e+00
 -5.6578577e-01
 -3.7295470e-01
  6.0715646e-01
  2.6796991e-01
  4.3213284e-01
  8.8313460e-01
  1.4532291e+00
  4.3498725e-01
  5.7464111e-01
 -6.3766855e-01
  1.8367274e+00
  8.6170733e-01
 -6.3364947e-01
 -2.1861884e-01
 -3.2783091e-01
 -5.3547609e-01
 -8.6641234e-01
  1.5164815e+00
 -2.1232805e-01
  1.0222849e-01
 -4.9733526e-01
 -1.8088317e+00
 -1.4414218e-01
  2.3884833e-01
 -1.2322878e+00
  1.4866043e+00
  1.3321204e+00
  1.5616812e-01
 -2.9717684e-02
  4.7888243e-01
  6.8082494e-01
 -4.7265089e-01
 -8.5894382e-01
 -3.1826517e-01
 -7.9866409e-01
  1.1424861e+00
  1.1929774e-01
 -1.0550216e+00
 -2.9226696e-02
  1.5680864e+00
  1.7521556e-01
  4.2144126e-01
 -1.3711503e-01
  2.1404807e-01
 -1.2407277e+00
  8.3207719e-02
  2.0418093e-01
  2.9171091e-01
  8.6835390e-01
  3.3681974e-01
 -2.8865361e-01
  7.0163733e-01
  4.4199184e-01
  3.0981085e-01
  7.1588522e-03
  2.6645255e+00
  8.9338154e-02
  1.0052928e-01
  2.9023641e-01
  2.4077065e-01
  6.6260450e-02
 -6.0094893e-01
  1.1424214e+00
 -1.6512302e-01
 -1.2849535e-01
  1.7577966e+00
 -4.0634233e-03
  9.5500484e-02
 -3.8857445e-01
 -5.8944404e-01
 -7.0444778e-02
  3.6010060e-01
 -2.9729024e-01
 -7.4370366e-01
 -5.9281558e-02
  3.7712440e-01
 -1.2019603e-01
  1.7024767e+00
 -1.1122417e+00
 -2.3026374e-01
  8.4698051e-02
 -1.5965514e-01
  1.2608971e-01
 -5.5011058e-01
 -1.7042133e-01
  3.7020856e-01
  5.5180007e-01
 -3.1564805e-01
  3.5864416e-01
 -8.9839363e-01
  3.6537597e-01
 -8.2185410e-02
 -1.0245057e-02
 -5.1398945e-01
  4.4960785e-01
  7.8813128e-02
  8.3361201e-02
 -1.2908833e-01
 -9.4901401e-01
  3.7452006e-01
 -4.1357815e-01
  3.4611213e-01
  1.3117233e-01
  2.3597606e-01
 -1.3468687e-01
 -2.5268337e-01
 -4.3429965e-01
 -5.8655906e-01
 -5.3313319e-02
 -2.3583193e-01
 -6.0738248e-01
  2.3728282e+00
 -8.2826406e-01
  2.3273180e-01
 -1.7038585e-01
  3.8167834e-01
  2.3696379e-01
 -3.4460306e-01
 -5.7390302e-01
  5.6466240e-01
  2.6353549e-02
  2.0734993e-01
 -2.5597870e-01
 -7.9259986e-01
 -1.9308168e-02
  3.3976457e-01
  1.9690876e-01
 -1.0274080e+00
  6.8752325e-01
 -5.5954188e-02
  4.5765576e-01
  1.2203083e-01
  3.8438418e-03
 -3.5518521e-01
 -6.6918588e-01
  8.3222017e-02
 -7.3938948e-01
  5.9559739e-01
 -6.6664183e-01
 -1.4297383e-01
  4.5697260e-01
 -2.0349760e-02
 -1.0176988e+00
  1.0680016e-01
  4.5743605e-01
  2.5069962e+00
 -9.9232689e-02
 -6.3415515e-01
 -6.2554233e-02
  7.4899909e-03
 -1.3117400e-02
  1.1321755e-01
  8.1274325e-01
 -5.1568949e-01
  7.2536814e-01
  1.1798486e-01
  3.0764660e-01
 -1.0531987e+00
  4.2323992e-01
 -2.4629188e-01
 -1.0769962e+00
 -2.7613527e-01
 -5.6409383e-01
 -1.1249005e+00
  2.9809661e-02
 -2.3464923e+00
 -4.2943323e-01
  1.0260081e+00
  5.2540630e-01
  1.5415895e-01
 -7.1306452e-02
 -7.6336586e-01
  9.5419377e-01
  7.5048852e-01
 -6.0987687e-01
 -2.1404263e-01
 -6.0978603e-01
  2.7948022e-01
  3.0104813e-01
  1.7198171e-01
 -3.2325974e-01
  1.3966002e-01
  3.5489130e-01
 -6.4003557e-01
  1.1441320e+00
  4.7192663e-01
 -1.7083627e-01
 -4.7196870e-04
  3.3497494e-01
 -1.6059136e-01
  1.4723828e-01
 -6.8280196e-01
 -1.1027155e-01
  3.8798007e-01
 -6.4184088e-01
 -3.3077005e-01
  3.3386478e+00
  1.4121755e+00
 -1.9804806e+00
 -2.6077324e-01
 -1.2529120e+00
  9.2813492e-01
  7.8353375e-01
  3.3768985e-01
 -1.7987850e-01
 -2.8873932e-01
 -3.2359239e-01
 -7.3806638e-01
 -5.3179717e-01
  2.1500129e-01
  6.1560494e-01
 -1.2308569e-01
  8.0902326e-01
  1.6653481e+00
 -1.6477141e-01
  1.4309224e-01
  1.6389363e-01
  3.3957481e-01
 -3.9602887e-02
  2.0933890e-01
  2.0546303e+00
  1.5712018e-01
  1.0095733e+00
 -1.2856430e-01
 -1.8105441e-01
  2.6225430e-01
 -3.4359848e-01
 -6.3115942e-01
 -2.1548965e-05
  3.6597797e-03
 -3.0684948e-01
 -9.0570253e-01
 -2.2932553e+00
  7.1291441e-01
  1.3690844e-01
  3.0938730e-01
  1.3285521e+00
  2.5687557e-01
 -5.5022937e-01
  2.4472198e-01
  4.9361268e-01
  3.8923521e-02
  7.2913356e-02
 -2.6232880e-01
  1.4676817e-01
  4.2206386e-01
  3.0793956e-01
 -1.3403456e+00
  3.8252115e-01
 -6.6564381e-01
  2.7855277e-01
 -2.4315512e+00
  6.1405182e-01
  6.5287286e-01
  1.6176263e+00
  3.6581695e-01
  9.2356521e-01
  6.9996208e-01
  8.2968700e-01
 -1.1303021e+00
 -9.2511177e-02
  5.1930475e-01
 -5.9193008e-02
  4.1875401e-01
 -2.9934058e-01
  6.5201320e-02
  2.1641617e-01
 -2.5475138e-01
  6.8716520e-01
  2.7259886e-01
  4.5291790e-01
  7.3203988e-02
 -4.5285784e-02
 -1.5377023e+00
 -9.8906481e-01
  8.7249231e-01
  1.4931936e+00
  3.2865214e-01
  2.3057601e-01
  1.3874003e-01
  1.4132017e-01
  3.3721483e-01
 -2.1834086e-01
  8.8080400e-01
  5.5237526e-01
  2.7236218e+00
 -8.7979680e-01
 -2.1725872e+00
  6.1010981e-01
  2.2889480e-01
 -1.8486926e-01
  1.1755623e+00
 -3.3321202e-01
  1.6160835e+00
  9.1221333e-01
 -1.5135434e-01
 -4.0314400e-01
  5.0706595e-01
  3.7263182e-01
 -6.0087115e-01
 -7.6199785e-02
 -2.1073708e-01
 -7.2991848e-01
 -4.2938983e-01
 -2.6388413e-01
 -2.4674735e+00
  1.3615454e-02
 -1.0036777e+00
  3.5210028e-01
  7.5825179e-01
 -3.2338911e-01
 -1.0532096e-01
  6.9639397e-01
  3.9921102e-01
 -4.7877651e-01
  1.7798986e-01
  8.0005795e-01
  2.3265396e-01
  2.1903387e-01
 -1.8253614e-01
  5.0264293e-01
  7.7173209e-01
 -1.0334257e-01
 -2.0079936e-01
  2.6695293e-01
  2.5815529e-01
 -2.8690988e-01
  1.5103066e-01
  5.9489989e-01
  4.1594493e-01
 -3.9791003e-01
  7.2942868e-02
  1.3147583e+00
 -3.0212119e-01
 -5.6938547e-01
 -9.2199877e-02
  1.3765620e-01
  4.9435195e-01
 -1.5131966e+00
  1.8581927e-01
  1.4082231e-01
  6.6174619e-02
 -8.8993502e-01
  1.2513927e-01
  2.1167801e-01
 -5.3117421e-02
  3.8277522e-01
  6.8439740e-01
 -5.9778786e-01
 -4.9192193e-01
 -1.1113701e+00
 -3.5311971e-02
  3.4502883e+00
 -7.8759027e-01
  2.0137337e-01
  2.5438768e-01
 -2.2922967e-01
  2.0132872e-01
 -3.5108122e-01
 -3.0661744e-01
 -1.1464167e-01
  2.4747965e+00
  6.9599169e-01
 -6.1057395e-01
 -9.3753017e-02
 -4.2460126e-01
 -4.4142088e-01
  2.2660890e+00
 -2.9052074e+00
 -1.2730379e+00
 -2.2817005e-01
  1.5607885e-01
  8.1400883e-01
  2.0149240e+00
 -9.3383765e-01
 -5.2494019e-01
  3.8811588e-01
  2.6171670e+00
 -1.3340387e+00
  7.0617139e-01
  6.5403484e-02
  3.1770107e-01
 -4.0212622e-01
  4.5749569e-01
 -1.9843384e+00
 -1.4472477e+00
 -6.7998856e-01
 -1.0694004e+00
  3.5459563e-01
 -9.0972483e-01
 -4.0362054e-01
 -1.0916501e-01
 -1.4259371e+00
 -1.2648314e-01
 -5.9706497e-01
  4.6061146e-01
  1.5426712e+00
  1.8371907e-01
 -2.1039860e+00
 -2.6061749e-01
 -4.5074951e-02
 -2.4056669e-01
 -1.1829083e+00
 -7.4611376e-03
 -7.5226229e-01
 -4.0204355e-01
  4.7230044e-01
 -6.9978464e-01
 -1.9559588e+00
 -1.1393207e+00
 -1.5232878e+00
  1.9493959e+00
 -6.9278294e-01
  2.1824098e+00
  1.2862376e+00
 -1.7758704e+00
 -3.8795415e-01
  9.4853246e-01
  8.5923028e-01
  8.0905789e-01
 -9.1457123e-01
 -5.9645247e-01
  6.0687906e-01
 -1.6734138e-01
  5.4746097e-01
 -1.8849038e+00
 -5.1970172e-01
 -2.0928659e-01
  1.3879422e+00
 -1.2929596e-01
 -2.6369531e+00
  6.1199945e-01
  4.5233765e-01
  1.2087983e+00
  2.8152186e-02
  1.5937730e-03
 -6.9776259e-02
  3.8426518e-01
  4.8748741e-01
 -2.6639432e-01
  4.5958856e-01
  4.6910942e-01
  6.0590905e-01
  5.6271636e-01
  7.8179377e-01
  1.3828391e+00
 -1.5588920e+00
  1.2880408e+00
 -4.8802623e-01
  6.8257701e-01
 -4.6654701e-01
  1.3602165e+00
 -1.5817624e-01
 -1.1333882e+00
 -2.3482314e-01
 -4.5603393e-03
 -6.7018855e-01
  2.0195059e-01
 -3.0454175e+00
  2.6335325e+00
 -3.0914503e-01
  1.1736374e-01
 -1.2907998e-01
 -2.1220402e-01
  1.2962979e+00
  1.2493664e+00
 -1.2388834e+00
  1.9831121e-01
  8.7624371e-01
 -7.7425949e-02
  1.1361685e+00
  5.7522766e-02
 -1.2433980e-01
  4.6651414e-01
  1.0447980e+00
  1.1257551e+00
  1.1827105e-01
 -4.4175079e-01
 -7.8124416e-01
  6.5203977e-01
 -1.4449366e+00
 -8.6474800e-01
 -6.5933746e-01
  3.1166011e-01
 -1.0844436e+00
  7.5173639e-02
  1.4028188e+00
 -1.7388974e+00
  9.1183931e-01
 -2.3093244e-01
  8.5345989e-01
  1.5095624e+00
  2.6158145e-01
  3.2357585e-01
  4.5241454e-01
  3.9589256e-01
  6.5699261e-01
 -8.5162181e-01
 -3.6118275e-01
 -6.5632355e-01
 -3.8011917e-01
  3.6967561e-01
  4.7507924e-01
  6.4931339e-01
  6.0721815e-02
  3.9079690e-01
 -6.7193449e-01
  2.6186118e-01
  2.6587075e-01
  2.9795945e-02
  1.0530256e+00
  3.1220785e-01
  2.2748389e+00
  8.6546741e-02
  2.2864781e-01
  1.4091845e-01
  1.1415436e+00
  2.1445601e+00
  2.8153798e-01
  1.9246162e+00
  4.1881600e-01
  2.5459450e-01
  1.7956934e+00
  9.7186196e-01
  9.2351663e-01
 -1.1177261e+00
  1.3931605e+00
  1.2012838e+00
 -2.4680780e-01
 -2.7373061e+00
 -3.7172660e-01
  6.3061035e-01
  1.3920106e+00
  5.2374822e-01
 -8.0649889e-01
 -3.9316300e-01
  1.1208079e+00
 -1.9431777e-01
  2.0474977e+00
  2.6053566e-01
  7.3498350e-01
 -7.0033270e-01
 -1.0995381e-02
 -2.9100890e+00
 -3.8896364e-01
 -3.1774264e-02
  1.8373874e-01
 -5.1457447e-01
 -1.0545553e+00
 -9.3681723e-01
 -1.7233968e+00
  2.0026760e+00
  3.4141362e-01
  3.4549150e+00
  1.9519824e-01
  1.7812411e-01
  2.5476050e-01
 -1.4978900e+00
  2.7030087e-01
 -2.2733168e-01
 -1.0811533e+00
  8.8176030e-01
  8.0937427e-01
  2.1804477e-01
  6.0098433e-01
 -4.1935855e-01
  8.8004265e-03
 -4.4098839e-01
  1.9080716e-01
  2.3352593e-01
  8.1639373e-01
  7.5615954e-01
  4.5883030e-01
 -1.3179873e+00
  1.1690347e-01
  6.4803177e-01
 -3.0861539e-01
 -2.3991671e-01
 -3.7156662e-01
  1.7121626e+00
 -1.8922687e-01
 -2.9316812e+00
  2.3190133e-01
 -3.1258546e-02
 -4.6163830e-01
 -2.3439862e-01
  2.8568515e-01
  3.6535498e-01
 -4.5956418e-01
 -4.7747779e-01
 -1.3243794e+00
  8.2170159e-01
 -1.8322189e-01
  6.9559097e-01
  5.6002402e-01
 -5.8473748e-01
 -4.7564739e-01
 -2.6356012e-01
  3.7100637e-01
 -1.0173231e-01
 -1.1656440e+00
  2.9576790e-01
  3.8199592e-01
 -7.9067314e-01
  1.7559855e+00
 -3.1335014e-01
  6.9148451e-01
  8.8296926e-01
  5.9245324e-01
 -8.3256292e-01
 -5.6338113e-02
  7.1490020e-02
  2.8623995e-01
 -1.0784880e-01
  8.4850097e-01
 -8.3973277e-01
 -1.2887852e-01
 -1.3361771e+00
 -4.5301032e-01
 -3.5427082e-01
 -4.6253681e-01
 -3.4385104e-02
  5.6450325e-01
 -5.1744497e-01
  1.2281847e-01
 -2.9852759e-02
 -3.6258466e+00
  4.2428905e-01
  9.4511902e-01
  6.3562161e-01
 -3.6611447e-01
 -2.0250430e+00
  1.9167595e+00
  4.1770780e-01
  4.6095264e-01
 -6.4898700e-01
 -1.6223980e+00
  2.4782635e-02
  2.2603336e-01
 -3.5567930e-01
 -8.5429388e-01
 -1.6153177e+00
  9.8878749e-02
 -8.1149571e-02
  2.6966909e-01
  5.1599634e-01
 -3.8711146e-01
 -4.0894982e-01
  3.7100330e-01
  7.5142950e-01
  3.0133185e-01
 -6.0447848e-01
 -7.5023001e-01
 -6.4459914e-01
 -3.7541080e-01
  1.0080818e+00
 -4.2727537e+00
  1.0610569e+00
 -5.1670814e-01
 -7.9731248e-02
 -2.1925995e+00
  9.9361289e-01
  3.1529745e-01
  4.3932268e-01
 -4.6823423e-02
  2.6053089e-01
  4.6347037e-01
 -5.1204145e-01
 -6.5604877e-01
 -1.4862473e-01
  1.2582515e-01
  3.7185782e-01
  1.3917031e-02
 -1.3532088e+00
  2.3596332e+00
  6.0430054e-02
  9.6799654e-01
 -1.4519407e-01
 -6.1272216e-01
  8.3769190e-01
 -3.3193919e-01
  6.3657582e-02
 -4.4923791e-01
  1.8947472e-01
 -4.3884274e-01
 -9.3809021e-01
  3.5453528e-02
 -1.1807446e+00
  1.4413729e+00
 -5.5598408e-02
  1.2837861e+00
 -9.9217165e-01
 -1.3964072e+00
 -5.5369381e-02
  6.2596339e-01
 -5.1395208e-01
 -1.0531769e+00
 -1.1697768e+00
  1.8057032e+00
  1.0101618e+00
 -1.0946518e+00
  9.8188710e-01
 -1.6143935e+00
  2.5784144e-01
  2.3476913e+00
 -7.1167743e-01
 -4.8471186e-01
 -8.0202478e-01
 -1.9695233e+00
  5.4472990e-02
 -3.3625016e-01
  8.7289822e-01
  2.8886852e-01
 -1.7496201e+00
 -5.4251909e-01
  8.8649906e-02
  6.5085214e-01
 -6.8779176e-01
 -4.3506172e-01
  3.4624156e-01
  9.6405253e-02
  1.9848574e-02
  2.9117113e-01
  8.9534843e-01
 -6.1473840e-01
  9.5311779e-01
  4.5431551e-01
  7.4715644e-02
 -2.4185400e-01
  3.5823798e-01
 -1.8316131e+00
 -4.3433708e-01
 -5.4295279e-02
 -5.6971055e-01
  5.8614278e-01
  1.3451377e-01
 -1.9848524e-01
  1.2038106e-02
  1.2086967e-01
 -7.8019792e-01
 -5.0339562e-01
 -1.3269787e+00
  5.2933711e-01
 -1.0544450e+00
 -4.3195611e-01
 -4.7736487e-01
 -9.1825652e-01
  6.6996247e-02
  2.2552554e-01
  3.4166387e-01
  6.6181165e-01
  2.8487462e-01
 -4.0764492e-02
 -1.0880661e+00
  2.3620214e+00
  4.0693474e-01
 -1.5337787e+00
 -4.2523161e-01
  1.0182927e+00
  2.3286297e+00
  1.0460134e+00
  2.5589657e-01
 -1.5723579e+00
 -1.3960263e-01
 -1.1146388e+00
  1.1784371e+00
 -1.8760780e+00
 -7.6391309e-02
 -3.3096623e+00
  2.3627587e-01
 -2.8080842e-01
 -2.2530160e+00
  5.8226943e-02
 -4.1429043e+00
  1.8311410e+00
 -9.6807796e-01
  9.6914768e-01
 -1.2123817e+00
  1.1094942e+00
 -1.1453871e+00
 -5.6082076e-01
  2.0295532e+00
 -1.6828566e+00
  1.2731113e+00
 -1.7666478e+00
 -1.0323468e+00
  1.2445962e+00
  2.1724461e-01
  7.7544495e-02
 -1.5717444e+00
 -4.8430562e-01
 -4.7087710e-02
  2.7340276e+00
  2.2384131e-01
  7.1641934e-01
  8.2308060e-01
 -1.3971474e+00
 -7.3863775e-02
  8.6193949e-01
  5.2339062e-02
 -8.1274605e-01
 -1.0241948e+00
 -4.4033695e-02
  2.7625854e+00
 -4.5037079e-01
  3.0922022e-01
 -8.4427989e-01
 -9.4498104e-01
 -4.5126459e-01
  1.9408960e+00
 -4.6008691e-01
 -8.5547811e-01
 -5.8902830e-01
 -1.2151889e+00
  1.7756583e-01
 -7.2034240e-01
 -8.3260530e-01
  3.4813869e+00
 -6.5840042e-01
  1.1676972e+00
  1.1080221e+00
 -5.3374439e-01
  1.0978490e+00
 -3.1663653e-01
  8.3727735e-01
 -2.0812864e+00
  7.4705148e-01
 -4.9169359e-01
  6.5680122e-01
  1.7633320e+00
 -7.7071285e-01
  1.6886224e+00
  2.3922708e+00
  1.3067560e-01
 -1.7670560e+00
 -1.6021820e+00
 -7.2339940e-01
  2.0881307e+00
  1.8381916e-01
 -9.9840087e-01
  1.0182067e+00
 -1.6967970e-01
  2.3120551e-01
 -3.3127531e-01
  3.2231927e+00
 -2.5676641e+00
 -5.1641548e-01
 -2.3213729e-01
  8.5890532e-02
 -1.9772278e-01
 -3.9262289e-01
  2.7652320e-01
  2.6805276e-01
  9.7612691e-01
 -2.8607163e+00
 -1.2072484e+00
  1.8031806e+00
 -2.3903668e+00
 -1.5287892e+00
  1.3761590e+00
 -4.7673788e+00
  8.2120937e-01
  6.6385257e-01
 -1.9970162e-02
 -1.3922237e-01
 -3.4289222e+00
  2.4244387e+00
  8.2449101e-02
  1.7940472e+00
 -5.8983529e-01
 -1.5173606e+00
  1.1764201e+00
 -1.1873370e+00
 -1.8672806e+00
  6.6664241e-02
 -1.6590338e+00
 -7.5564975e-01
  2.7952471e+00
 -1.3258523e+00
  1.6391101e+00
 -2.9888906e+00
 -6.5296370e-01
 -5.2275485e-01
  1.1322021e-01
  1.8215196e-01
  6.8940252e-01
 -1.6179601e+00
  5.1603520e-01
 -1.3145436e+00
  8.3797371e-01
  1.3759383e+00
  1.8419470e+00
  1.0207682e+00
 -6.5983659e-01
  6.8689001e-01
  9.0714657e-01
 -2.6133090e-01
  9.9822581e-01
 -1.3465654e+00
 -8.0943841e-01
  1.7014680e+00
  7.7102619e-01
  2.9982507e-01
 -1.1458471e+00
 -6.0465568e-01
 -7.3069292e-01
  3.4286326e-01
 -4.6051043e-01
  1.9954447e+00
 -2.8383318e-01
 -3.8175532e-01
 -5.0511932e-01
 -5.3862196e-01
  7.2896093e-01
  8.1964366e-02
  7.9913789e-01
 -2.7745757e-01
 -3.0207321e-01
  8.9884084e-01
 -8.5407698e-01
  1.9115283e-01
  1.0089834e+00
  7.1359497e-01
  6.5045077e-01
 -7.0702064e-01
 -3.0477047e-01
  2.8768915e-01
 -7.4979655e-02
  1.1763253e-01
  1.5112448e-01
  9.3330544e-01
 -1.7154631e-01
 -4.6606022e-01
  8.6683267e-01
  8.9633864e-01
  5.6374198e-01
 -6.6552407e-01
 -6.3804615e-01
  1.2543412e-01
  2.1694928e-01
 -2.0132933e+00
 -2.3655899e-01
 -3.3712235e-01
 -4.3785331e-01
  3.0413401e-01
  2.0001230e-01
  3.8419676e-01
 -4.8301193e-01
  6.4817661e-01
 -2.4559237e-01
  6.5344907e-02
 -3.5619013e-02
  4.1639148e-03
 -9.4743334e-02
 -4.1278083e-02
  1.4181899e+00
  8.0307223e-02
  1.3295677e+00
 -3.4805491e+00
  1.4497250e+00
  7.5963932e-01
 -1.3352697e+00
  9.9991596e-01
 -1.2596821e+00
 -9.1034096e-01
  9.8778385e-01
  8.5830086e-01
  3.0977085e-01
 -1.1553357e+00
  1.1619230e-01
 -1.1464617e+00
  2.8620335e-01
 -8.1398815e-02
  1.4956390e+00
  4.6157968e-01
  2.1990974e-01
  6.3754141e-01
  1.7619795e+00
  1.8360999e+00
 -1.0264544e-01
 -1.0794261e-03
 -1.3745916e+00
 -5.8790749e-01
  3.4454241e-01
  1.2645850e-01
 -2.7636865e-01
  1.3504778e+00
  2.3969842e-02
  6.2811011e-01
  4.0911728e-01
 -1.5282151e-01
 -1.6003267e-01
 -3.0318028e-01
 -1.1766455e-01
  1.3192303e+00
 -1.0030946e-01
  4.7034863e-01
 -3.0468957e-02
  1.3447231e-01
 -4.9648569e-03
  6.2799078e-01
  4.2539608e-02
  4.3128058e-01
 -5.8542341e-01
 -9.1415626e-01
 -4.8131272e-01
  8.1779540e-01
  6.1910278e-01
 -6.5953869e-01
 -9.2085701e-01
  9.5478237e-02
  1.4916344e+00
  4.9383398e-02
  4.8364453e-02
  2.1528485e-01
  7.7846962e-01
  1.0043075e+00
  5.1439774e-01
  4.8395005e-01
 -2.3081173e-01
 -2.2631395e-01
 -1.1413380e+00
 -2.5489998e+00
 -3.9602971e-01
  4.0453117e-02
  5.5328952e-03
  1.1914926e+00
 -1.8194376e+00
  5.0684923e-01
 -6.8867400e-02
  5.5543470e-01
  2.9672059e-01
 -6.5615016e-01
  3.8204253e-02
 -4.8037907e-01
 -9.9913818e-01
 -8.7478721e-01
  5.0460893e-01
 -4.9424112e-02
 -4.6825710e-01
 -5.4066324e-01
  3.7174758e-01
 -2.1692362e-02
 -5.3536415e-01
 -9.0209830e-01
  6.0662830e-01
 -2.8468928e-01
 -1.5498954e+00
  1.0270300e-01
 -1.3830979e-01
  2.8276515e-01
 -9.8813377e-02
 -1.9854000e-01
  7.9264545e-01
 -3.1233549e-02
  1.3353473e-01
 -3.1785920e-01
 -7.1663076e-01
 -3.5122064e-01
 -1.1942711e-01
  1.4458829e-01
  1.8121049e-01
  5.2116191e-01
  3.6846346e-01
  1.6646665e+00
  7.9296929e-01
  7.2892946e-01
  5.5101042e+00
  7.9736316e-01
 -2.0139372e+00
  4.0526685e-01
  8.0699784e-01
  6.8201226e-01
  3.7398875e+00
 -1.1855541e+00
  1.6908852e+00
  5.6750614e-02
 -1.9287473e+00
  2.0883211e-01
  4.5124331e+00
 -2.3951046e+00
  1.7653377e+00
 -3.7332354e+00
 -1.5139377e+00
 -1.8350846e+00
 -1.2080563e+00
 -1.8046992e-01
 -1.1609732e+00
 -4.3448201e-01
  1.8231685e+00
  1.9054037e-01
  4.3418339e-01
 -1.8941288e+00
  2.9551420e-01
 -1.7158095e+00
  2.1462271e-01
 -3.6422223e-01
 -1.3325028e+00
  2.0516424e-01
  1.0819236e+00
 -1.9790673e+00
  2.4438910e+00
  2.2058582e-01
 -7.0462847e-01
 -5.9047377e-01
  1.8706846e+00
 -1.4340724e+00
  1.7717483e+00
  1.1330807e+00
  2.7651801e+00
  3.8619661e-01
  3.2222119e-01
 -7.1098530e-01
  1.2767179e-01
 -9.0275192e-01
  6.1561900e-01
 -1.7671143e+00
 -3.7080860e-01
 -8.2990950e-01
  6.4318979e-01
 -5.3384483e-01
 -9.9093986e-01
  9.0594582e-02
  1.9926670e-01
 -8.7929994e-01
 -6.8961579e-01
  7.4925005e-01
  1.9326410e-01
  1.3115615e-01
  3.4460437e-02
  7.4396729e-01
 -4.6612424e-01
 -2.2005122e+00
 -2.1698478e-01
 -1.5482514e+00
  1.1596208e+00
 -2.0307252e+00
 -1.5417594e+00
  2.0135567e-01
 -1.9588759e+00
 -1.8741782e-01
  7.1580046e-01
  1.4219018e+00
 -3.0804842e+00
 -1.5729642e+00
  6.0039854e-01
 -1.0556648e+00
 -1.0861827e+00
  1.2381357e+00
 -4.1849699e+00
  1.6624295e+00
  2.0669892e+00
  6.0887921e-01
  2.9507850e-03
  2.6599846e+00
  2.8640954e+00
 -3.0553862e-01
 -8.2669568e-01
  1.0041465e+00
  1.2437675e+00
  1.7084398e+00
  3.6762977e-01
  8.8132858e-01
 -1.3633218e+00
 -2.7664915e-01
  3.7217239e-01
  4.3903244e-01
 -4.1595314e-02
 -1.7159110e+00
 -2.2871957e+00
 -1.8531839e+00
 -2.4013405e-01
 -3.5213387e+00
  9.3812466e-01
 -2.6037519e+00
 -1.2438884e+00
 -1.5078840e-01
 -1.0858456e+00
  6.6212082e-01
 -1.0112978e+00
 -2.6200531e+00
  8.4957093e-01
  1.7082438e-01
  1.0333631e+00
 -7.4302369e-01
  1.4357245e+00
  7.9489768e-01
 -2.2234998e+00
 -2.5496632e-01
  3.0566630e+00
  1.5373428e+00
 -4.7791812e-01
  1.9759924e+00
 -4.5413288e-01
  2.6091325e-01
 -1.6668375e+00
 -6.1605918e-01
 -9.2095071e-01
  4.3444431e-01
  6.6341096e-01
 -5.3340143e-01
  2.2211545e+00
 -1.1478013e+00
  2.7583210e-02
 -1.3930266e-01
  2.3802048e-01
 -4.5958433e-01
 -5.8595739e-02
 -2.8774697e-01
  4.1227508e-02
 -4.1558439e-01
 -4.8984402e-01
 -1.0339071e+00
  6.0482234e-01
  2.5999197e-01
  1.0083523e+00
  2.6166644e+00
 -1.3389198e+00
 -2.6502800e-01
  4.7559586e-01
  1.1717401e-01
  1.8469431e-01
  5.3142005e-01
  2.1963596e-02
 -1.3155237e-01
  1.5404662e+00
  2.4132638e+00
  1.7162457e-02
  6.4947546e-01
  2.8990901e-01
  8.2841533e-01
 -1.3586162e-01
 -1.8249667e+00
  2.0829907e-01
 -5.7059938e-01
  3.5618034e-01
  1.3757373e+00
  6.8126553e-01
  1.5898226e+00
  8.8812059e-01
  2.1913414e+00
  2.5942709e+00
  7.7865857e-01
  3.3326736e-01
  8.5583830e-01
 -7.6372588e-01
  9.5980585e-01
  1.3490851e+00
 -1.6218050e+00
 -1.7504777e+00
  1.1758835e+00
  1.4240458e+00
  1.6283722e+00
 -9.2650926e-01
 -1.9952372e-01
 -6.2054831e-01
  8.1869572e-01
  2.7932353e+00
  8.4654886e-01
 -1.1552966e-01
 -7.3207699e-02
 -1.4603214e-01
 -6.8530428e-01
 -6.0596514e-01
 -8.4214497e-01
 -2.9132992e-01
  5.8625948e-02
  4.5130497e-01
  2.0152297e+00
 -6.7441158e-02
  3.0145884e-01
 -1.1349573e+00
  1.8645944e-01
  1.0381774e+00
  4.0097423e+00
  1.0405364e+00
 -1.8473648e+00
  2.3522239e+00
  1.8624203e+00
 -8.0392265e-01
 -4.7389686e-01
 -3.5864520e-01
  1.8725555e+00
  1.3457422e+00
  1.6559833e+00
  2.1158366e+00
 -2.2116311e+00
 -2.1955866e-01
  4.1762300e+00
  1.5646100e+00
 -3.3416095e+00
 -5.2873498e-01
 -3.1339261e-01
 -1.3960530e-01
 -8.4840858e-01
  8.8569474e-01
  2.9067674e+00
  4.1725031e-01
 -6.4534211e-01
  7.3583996e-01
  4.8169419e-01
 -3.8139653e-01
 -1.7287400e-01
  1.5208842e-01
  2.2029296e-02
  8.0546230e-01
  1.0406636e+00
  2.2792058e+00
 -1.0497798e-01
 -7.3686469e-01
 -5.2130300e-01
  2.1884385e-01
 -2.0917952e+00
  4.4320548e-01
 -9.9374336e-01
  6.7454547e-01
 -5.6273150e-01
  2.6183796e+00
 -4.7596508e-01
  1.9932799e+00
  1.3294815e-01
 -2.1368675e-01
  3.5814080e-01
  8.8748187e-01
 -3.2201788e-01
 -2.3108558e-03
  2.2461985e-01
 -1.4785358e+00
 -3.7236233e+00
 -7.5232136e-01
 -1.7026952e-01
 -1.8930207e-01
  1.4935946e-02
  2.4869317e-01
  1.7931972e+00
  2.4171835e-02
 -3.6936024e-01
 -2.8058525e-02
 -9.5548081e-01
  6.3663799e-01
 -4.4079700e-01
 -1.2068669e+00
  1.2468112e+00
  7.1309501e-01
  2.4035213e+00
  1.4139561e-01
  1.9367699e-01
  1.9534592e-01
  1.0587921e+00
 -1.3930708e+00
  2.4240170e+00
  8.2821971e-01
 -7.0557564e-01
  1.8697624e+00
  2.7419156e-01
 -2.2819507e+00
  8.0108009e-02
  2.2268504e-01
 -2.2316883e+00
  2.2090466e+00
  5.2057776e+00
 -2.2518468e+00
 -1.0086390e+00
  1.5041171e+00
  6.2306911e-01
  1.8633014e-02
 -2.2576156e+00
  4.8807544e-01
 -1.7647635e-03
 -4.2747455e+00
  2.8170133e+00
 -9.8817468e-01
 -3.5763686e+00
 -2.5289567e+00
  3.9165002e-01
 -1.0654309e+00
 -4.5770362e-01
 -6.9195801e-01
 -3.4943910e+00
  1.7867168e+00
  1.0241355e+00
  2.5962448e+00
 -2.9363873e+00
 -1.4911267e+00
 -8.2247621e-01
  2.6159718e+00
 -1.1854626e+00
  1.6110998e+00
 -5.6989383e-02
 -8.5025299e-01
 -1.4378328e+00
 -9.3333685e-01
 -1.8588109e+00
 -1.2079664e+00
  3.6695081e-01
  1.0772742e+00
 -5.0983286e-01
  1.0663433e+00
 -1.3304698e+00
  3.1306064e+00
 -6.7918688e-01
  5.3230029e-01
  7.3670638e-01
 -1.0450127e+00
 -2.8944824e+00
  1.1002741e+00
  5.4517120e-01
 -4.9816319e-03
 -5.4054898e-01
  1.4706051e+00
  1.5587183e+00
  6.1675619e-02
  6.9054264e-01
  2.7702668e+00
  2.3878627e+00
  1.6023217e-01
  3.8975421e-01
  3.8566372e+00
 -1.7135535e-01
  1.5380312e+00
 -1.0062461e-01
 -2.4122974e-01
  2.1256691e-01
 -4.8372984e-01
  7.4447477e-01
 -9.0919524e-01
  2.4730435e-01
 -1.5151732e-01
  7.8976803e-02
 -1.2037340e+00
 -5.1388949e-01
  7.8073174e-01
 -8.9965165e-01
  8.3356714e-01
  9.1625071e-01
 -1.2487929e-01
  3.5077706e-01
 -2.0980658e-01
  8.8584369e-01
  1.2193850e-01
 -8.8370097e-01
 -2.2703488e-01
 -3.6007932e-01
 -6.0378158e-01
 -1.6510411e-01
 -1.9761090e-01
  8.2431912e-01
  4.4340256e-01
  5.6487944e-02
 -4.0846011e-01
  2.9037115e-01
  2.7062001e+00
  2.5403348e-01
 -9.3747306e-01
  4.8217452e-01
  1.9004619e+00
 -2.3870366e+00
 -3.1846502e-01
 -3.1779331e-01
  1.6360494e+00
 -3.4526533e-01
 -5.3731632e-01
 -5.9077597e-01
  1.0533470e+00
  1.8257773e+00
  1.4388328e+00
 -3.4948971e+00
  1.9123696e+00
 -5.8258426e-01
  2.0128484e+00
 -4.3227240e-01
 -8.0566585e-01
  9.8324579e-01
 -1.9558463e-01
 -2.8112069e-01
  2.4430540e-01
 -9.2951280e-01
  1.2553726e-01
  7.0276302e-01
  2.3155284e-01
 -1.2499009e+00
 -1.1094641e-01
 -7.8052336e-01
  1.9315095e+00
  8.0618337e-02
 -6.5118641e-01
 -1.4632335e+00
  2.9504907e+00
 -3.8584735e-02
  8.0203968e-01
  3.8269237e-01
  5.3838080e-01
 -3.6201894e-01
  1.0523231e+00
 -2.3473206e+00
  2.1154025e-01
 -2.7622359e+00
 -6.2405586e-01
 -1.1373941e+00
 -3.0363188e+00
  1.9074337e+00
  5.6540018e-01
  1.0337811e+00
 -5.8335984e-01
  8.7591088e-01
  1.5051597e+00
 -2.0082772e+00
 -6.0208613e-01
  6.9032319e-02
  6.7965204e-01
 -1.1798775e-02
 -4.1446862e-01
 -6.5046388e-01
  4.1320357e-01
  1.9218049e+00
  5.4432347e-02
  6.0419035e-01
 -8.3681814e-02
 -2.0198047e+00
 -1.7083938e+00
 -8.0435401e-01
 -2.4795516e+00
 -2.6880279e-02
  2.5283572e-01
 -3.6898020e-01
 -1.3362592e-02
 -1.5318691e+00
  7.4741650e-01
  6.6862482e-01
  4.0219310e-01
  5.9657913e-01
 -3.9365604e+00
 -2.5296783e-01
  1.5948842e+00
 -1.0858287e+00
  1.1481011e+00
 -1.1495761e+00
 -5.3361583e-01
 -4.4716541e-02
  5.9190351e-01
 -1.4775480e+00
  1.7874195e-01
 -2.1908292e-01
  4.7347945e-01
  2.5153878e-01
  1.1501811e+00
  1.7688429e+00
  1.1863611e+00
  2.3977149e-01
  7.3443842e-01
  1.1495955e+00
 -9.9274117e-01
 -1.7999849e+00
 -2.1063226e-01
 -8.2105672e-01
 -3.4031770e-01
 -5.5430882e-02
 -8.6345643e-01
  7.8310007e-01
  1.3192782e+00
 -3.9149499e-01
 -1.9068325e-01
  3.9692190e+00
 -9.6838826e-01
  2.5587745e+00
  1.8955173e-01
  1.4361129e+00
  1.1864758e+00
  4.2942941e-01
  3.0013204e+00
 -1.4411922e+00
  6.5146089e-01
 -4.8766893e-01
  2.1274397e+00
 -1.3115427e+00
 -7.0852870e-01
  1.6970315e+00
 -5.3998142e-01
 -3.1259739e-01
 -8.3347970e-01
 -8.6974166e-02
 -1.9268735e-01
 -1.0206498e-01
 -3.2752803e-01
 -3.2543629e-01
  1.9367553e+00
 -3.1488499e-01
 -2.3548940e-01
  8.4651822e-01
 -1.2497188e+00
  1.2507161e+00
 -1.2333108e+00
  1.5855968e-01
 -3.1150553e+00
 -2.7302000e-01
 -6.5287250e-01
  8.6083627e-01
  1.1300132e+00
  4.0747190e-01
 -1.7383741e+00
 -6.2320906e-01
  3.2513219e-01
  2.3138569e-01
  1.0068580e+00
  1.3501968e+00
 -8.6541378e-01
  2.2185463e-01
  2.2272801e-01
 -8.7700152e-01
 -2.0750430e-01
  7.1331942e-01
  7.9994994e-01
  3.1920901e-01
 -1.6509536e-01
 -9.4340312e-01
 -3.7203935e-01
 -9.4817132e-01
  3.3850226e-01
 -8.4450316e-01
 -2.5463855e-02
  1.7138987e+00
  1.0675735e+00
  1.3773735e-01
 -5.3824198e-02
 -2.4740158e-01
  3.8997594e-01
  3.3041006e-01
  1.2930309e+00
 -7.0099056e-01
 -5.7108593e-01
  2.3082273e+00
 -9.4131279e-01
 -4.9273881e-01
 -4.4961068e-01
  8.9338070e-01
 -7.4255246e-01
 -9.3143064e-01
 -7.9569894e-01
  3.0414060e-01
 -7.7095973e-01
  3.8906235e-01
 -1.3763641e+00
 -2.4079969e+00
 -2.0377155e-01
 -3.8719814e-02
  5.9363300e-01
  5.9588999e-01
 -6.6157132e-01
  3.9326921e-01
 -3.0069751e-01
 -2.0015831e-01
  2.3523866e-01
 -2.5368965e-01
  6.4765340e-01
  2.1802527e-01
 -2.7231839e-01
  1.9285713e+00
  4.9437651e-01
  2.8703013e-01
 -1.3553472e+00
  2.2192809e-01
  9.3616557e-01
  6.7801440e-01
 -1.0963065e-01
  6.7528689e-01
  5.0251943e-01
  2.2429277e-01
  9.2163944e-01
 -9.2248738e-01
  9.1500944e-01
  2.6332673e-01
  1.4713000e+00
 -1.5337623e+00
 -1.2282556e+00
  2.2189028e+00
  4.1599974e-02
 -2.6041772e+00
  1.7705937e-01
 -2.1453197e+00
  1.8052357e+00
 -5.1013988e-01
  1.7491098e-01
 -3.4243378e-01
  5.7751536e-01
  1.3976591e+00
  4.5112890e-01
 -5.2023166e-01
 -3.3510461e-01
  1.0537763e+00
 -9.9344677e-01
 -2.1772055e-01
  2.5278726e-01
 -1.2460600e+00
  6.9055718e-01
  3.9269143e-01
 -1.5102397e+00
  9.2939384e-02
 -1.5228981e+00
 -1.0479975e+00
 -1.7755520e-01
 -2.6276049e-01
  3.3121212e+00
 -5.2360249e-01
  1.6264262e+00
  3.5776608e-02
  3.6388502e+00
  3.0145061e+00
  1.9374902e+00
  1.4481087e+00
 -1.3025262e+00
 -1.8218321e-01
  2.9072134e+00
  2.9283538e-01
  1.2525592e+00
 -1.8572514e+00
  3.1420219e+00
  1.2291008e+00
  6.0702926e-01
  1.3866765e+00
 -1.2295773e+00
 -1.0458200e+00
 -1.3274906e+00
 -1.5460467e+00
  2.1152161e-02
  2.8591068e+00
  8.9667812e-02
  6.5846425e-01
  2.7697949e+00
  1.4705133e+00
  4.5265085e-01
  1.6360316e+00
  8.0100119e-01
 -2.2323220e+00
  6.6311145e-01
 -2.1600080e+00
  3.3150077e-01
 -4.0661189e-01
 -2.6837757e+00
 -4.8281914e-01
  1.1804615e+00
  4.3905616e-01
  9.9033880e-01
 -1.8985789e+00
  2.3652737e+00
 -9.7669774e-01
  1.1298953e+00
  6.3595039e-01
 -1.1391755e+00
 -7.5485599e-01
  4.4286081e-01
  1.8874511e+00
  1.7863758e+00
  5.9871727e-01
  8.9183426e-01
  7.1509820e-01
  2.0606170e+00
 -7.7269506e-01
 -2.8034055e-01
 -2.3246770e-01
 -3.3447111e-01
 -1.5085498e+00
  1.1134433e+00
 -4.8898592e+00
  1.0816386e+00
  1.6138357e+00
  1.0599583e+00
  4.4615874e-01
 -4.9193782e-01
  7.9262853e-02
  3.4582344e-01
  5.8633667e-01
 -1.3101631e+00
  2.0176294e+00
 -3.8126974e+00
 -6.5834010e-01
 -3.8758051e-01
 -1.8050296e+00
  5.2557534e-01
  2.2679491e+00
 -3.0228600e-01
  2.3262365e+00
  1.1513084e+00
  2.7709670e+00
 -1.6280078e+00
 -5.4771668e-01
 -6.5760630e-01
 -2.5721565e-01
 -3.1870940e-01
 -8.0056209e-03
  1.4687359e+00
 -7.3751248e-02
 -1.0410950e-01
 -1.7264640e-01
  4.2732626e-01
 -2.8379405e-01
 -1.6602706e+00
  2.1158228e+00
 -8.9565253e-01
 -9.4747180e-01
  2.5310200e-01
 -3.7072128e-01
 -3.0558233e+00
 -1.5005322e+00
  3.0418900e-01
  1.1243345e+00
 -2.4567437e+00
 -2.5948029e+00
  1.2852635e+00
  4.1917163e-01
 -2.4690742e+00
 -1.0740193e-01
 -1.9977841e-01
 -1.0812067e+00
  8.3957469e-01
 -2.7653736e-01
 -1.7498434e-01
  1.7494817e-03
 -7.7995110e-01
 -3.5557497e+00
  7.1479326e-01
 -1.0608769e-01
 -1.5683709e-01
 -6.9765234e-01
 -2.9104370e-01
 -6.4230645e-01
 -1.8031509e+00
  4.5175588e-01
  4.5239311e-01
 -9.0406351e-02
  1.2430194e-01
 -6.4518297e-01
 -1.7232672e+00
 -3.4763327e-01
  1.4619592e+00
 -2.9594846e+00
 -2.7767441e-01
  9.0860859e-02
 -1.3544002e+00
  6.7640930e-01
 -5.5459452e-01
 -9.9156922e-01
 -1.0761299e+00
  3.2499284e-02
 -2.3428042e-01
 -4.8362270e-01
  6.4352946e-03
 -2.2073478e-02
 -5.3383780e-01
  4.3066189e-01
 -3.8842633e-01
 -1.0577953e+00
  8.1927963e-02
  1.6120956e+00
 -6.0892290e-01
 -4.4633588e-01
  1.8500818e+00
  9.3139136e-01
 -9.8279074e-02
 -6.2271136e-01
  9.8249793e-02
 -6.3905072e-01
 -4.7019646e-01
  6.0100490e-01
 -8.1891678e-02
 -2.2329652e-01
 -4.8622902e-02
  3.8729447e-01
 -6.3658905e-01
  3.7630782e-01
 -7.8610867e-02
  4.3930012e-01
  1.6242721e+00
  1.5260460e+00
 -8.6935049e-01
 -4.7912070e-01
 -2.0385730e+00
 -5.3942013e-01
  9.4824445e-01
 -2.3509786e+00
 -1.7691574e-01
  8.0294997e-02
 -4.2956173e-01
  5.4200113e-01
  2.9523185e-01
  1.5896251e+00
  1.0972738e+00
 -2.2630279e-01
 -8.3269167e-01
  6.5896463e-01
  1.5453273e+00
 -1.2336687e+00
 -1.5685092e+00
  1.0071265e+00
 -2.4270447e-02
  1.8895043e-01
 -5.8865559e-01
  8.5440201e-01
  1.8565001e+00
  1.6922039e+00
 -4.3385229e-01
  6.4438440e-02
  1.3478632e+00
 -7.3840719e-01
 -2.1035652e-01
 -1.5613931e+00
  8.5307544e-01
 -7.9658341e-01
 -9.3370116e-01
 -1.3288105e-01
 -3.7945893e-01
 -1.5249552e+00
 -8.9553952e-02
 -8.6186242e-01
 -2.3955631e+00
 -8.5166276e-01
 -1.0755935e+00
  3.5026798e-01
  7.8039265e-01
 -4.3684262e-01
 -8.5268110e-01
  4.1256028e-01
 -1.0789570e+00
 -1.3685844e+00
 -1.8225943e+00
 -1.1639608e+00
  1.7986294e+00
  9.6282983e-01
  1.5553807e+01
  3.3830646e-01
  5.4776531e-01
 -1.8963858e+00
 -4.6034917e-01
  8.9855023e-02
  3.0256226e+00
  9.5085543e-01
 -1.2366995e+00
 -5.5979896e-01
  2.4739599e-01
  2.1199965e-01
  4.3419522e-01
  3.9852750e-01
  1.3811756e+00
 -2.7092638e+00
  5.2107519e-01
  6.0623926e-01
 -9.8261052e-01
 -1.4214334e-01
  3.5794905e-01
  2.7060716e-03
 -3.7799346e-01
  2.2999752e+00
 -7.7088362e-01
  1.3993366e+00
 -2.5372684e-01
 -8.9244626e-02
  3.8099954e-01
 -4.2951855e-01
 -1.3116927e-01
  3.1770346e-01
  5.9541965e-01
 -4.2642999e-02
  5.3312016e-01
 -2.0475405e-01
  1.5245502e-01
  2.4032781e+00
 -2.4677248e-01
  2.0838125e+00
 -2.7975184e-01
  6.9661355e-01
  1.4163488e-01
 -1.0448002e+00
  1.9236636e+00
  5.7832241e-01
  3.1043908e-01
 -6.3010210e-01
  3.5579067e-01
 -2.9750592e-01
 -2.7332978e+00
  1.8588932e-01
 -1.0949430e-01
  1.0327321e+00
  1.6297462e+00
 -2.0436181e-01
  9.6083987e-01
 -3.2180530e-01
 -1.8668514e-01
 -1.4787052e+00
  7.7639031e-01
  2.8986392e+00
 -1.0766068e+00
 -2.0960002e+00
  2.0124831e+00
  1.0873034e+00
  5.4643247e-03
 -1.0807317e-01
  2.5380364e-01
 -1.8363644e+00
 -1.5737954e+00
 -8.0926426e-02
 -6.4309847e-01
 -2.1693165e+00
  2.8014443e+00
 -5.5518403e+00
  2.1342629e-01
 -4.9956137e-01
  4.0848517e+00
 -6.6192442e-01
 -1.0316136e-01
  2.2079132e+00
  1.6729723e+00
  1.5588164e-01
  1.2213460e-02
  3.1213778e-01
  8.8636875e-01
 -1.9147776e-01
  1.9597063e+00
 -1.1548799e-01
  1.2371100e+00
 -6.5912175e-01
  5.1392847e-01
 -8.6270165e-01
 -1.8256978e+00
 -1.0181444e+00
  2.1244047e+00
 -8.3470839e-01
 -1.6536444e+00
 -7.1102262e-01
  1.5701452e+00
 -3.9917249e-02
 -5.5859175e-02
  8.4483349e-01
  1.5732946e-01
 -4.5161501e-01
  7.1785289e-01
  3.4466729e-01
  1.8731550e+00
  1.2150176e+00
  1.8973473e-01
 -1.3246570e+00
  9.6671605e-01
 -9.1672981e-01
 -2.7591319e+00
 -1.0322067e+00
  3.9473087e-01
  2.9664640e+00
 -2.7546899e+00
 -7.6605245e-02
  1.2862877e+00
  1.0142158e+00
 -4.4589376e-01
  1.6715831e+00
  9.4287449e-01
 -3.5587049e-01
 -1.4111729e-01
 -1.5190735e-01
  1.1303952e-01
  5.9266317e-01
 -2.2889896e-01
  3.9987957e-01
 -5.1087809e-01
 -7.9227704e-01
 -7.0922440e-01
 -5.4791355e-01
  9.7513926e-01
  3.7004361e-01
  1.0805212e+00
  3.0186138e-01
 -1.8021595e+00
  6.1088596e-02
  2.2278531e-01
 -2.2616737e+00
  1.5571241e+00
 -5.4102367e-01
  1.2101183e-01
  1.0548208e-01
  1.2453113e+00
 -5.7288915e-01
 -4.1819730e+00
  4.4371304e-01
  1.9133217e+00
  3.9940909e-01
 -1.6840267e-01
 -1.3144067e-01
  1.0502371e+00
  1.9115202e-01
 -4.0429932e-01
  1.7546676e+00
  8.3429354e-01
  4.3534663e-01
  1.1268563e-01
  1.6903268e-01
  6.5378422e-01
  8.7678629e-01
  3.9634249e-01
  2.2951536e+00
  2.0327609e+00
  1.4404740e+00
  3.2527760e-01
  6.4649183e-01
  7.7365035e-01
  9.3742365e-01
  9.1408843e-01
  3.8237340e+00
  3.0605569e-01
  5.6147957e-01
  2.6215240e-01
 -7.5802672e-01
 -1.7689387e+00
  2.0489662e+00
  8.3206278e-01
  1.9014138e+00
 -4.0745673e-01
  6.0544437e-01
  2.1196475e+00
  2.8521162e-01
  1.7685905e+00
  3.5888046e-01
 -2.7148524e-01
 -9.8461163e-01
  1.6051340e+00
  1.0948673e+00
  8.4222299e-01
 -6.2915467e-02
 -2.9350081e-01
 -1.8754852e-01
  1.8018796e+00
  1.8805188e-01
  4.4822741e-01
  5.3075068e-03
 -2.5922909e-01
  2.4484879e-01
 -5.4412246e-01
 -8.2200611e-01
  1.5541707e+00
  1.8741385e+00
 -1.1053377e+00
  2.5132065e+00
 -5.8272940e-01
  6.9467932e-01
  7.8056425e-02
 -1.8552873e-02
 -2.0645480e+00
  1.8382217e-01
  5.8001798e-01
 -8.5677242e-01
 -1.9243193e-01
 -1.0064652e+00
  1.3408177e-01
 -1.2987342e+00
 -1.0290513e-01
 -1.1862576e+00
  3.0044436e-01
 -3.6685899e-01
 -3.3482301e-01
 -8.0963773e-01
  1.6604237e-01
  3.8044187e-01
 -4.7043055e-02
 -4.3005306e-01
  2.3636692e+00
 -1.6438869e+00
  2.9656035e-01
 -2.8840590e-01
  1.1553406e+00
  2.6132674e+00
 -2.6103184e+00
 -4.9353236e-01
  4.6485347e-01
 -9.7599447e-01
  1.7945470e+00
 -1.0574771e-01
  5.2693433e-01
 -2.0502521e-01
  5.5800653e-01
  8.4540352e-02
  2.3245823e+00
 -2.6071870e+00
  2.8816488e-01
 -2.5080392e-01
 -1.4073747e+00
  8.9968312e-01
 -5.9933294e-02
  1.6921325e-01
  7.4111408e-01
  1.3307415e+00
 -6.2489247e-01
  1.3658988e+00
 -1.4798836e-01
 -2.3170094e-01
  2.3497477e+00
 -4.3716154e+00
  2.2351890e+00
 -6.0840827e-01
 -2.1234795e-01
  5.3633946e-01
  1.2522676e+00
 -1.1222240e+00
  4.0965289e-01
  3.2988572e-01
  7.1460491e-01
 -1.6345041e-01
 -3.7970898e-01
 -3.1313918e+00
 -5.6466073e-02
 -1.7021669e-01
 -3.6824211e-01
 -4.3299858e-02
 -3.5773864e-01
  8.2883584e-01
 -5.9560531e-01
  2.9775710e+00
 -3.8835502e-01
  3.4157401e-01
  3.0811575e-01
 -1.8480375e+00
  3.0494606e+00
  8.5936284e-01
  6.1349523e-01
  9.5086277e-01
  3.4450901e-01
 -6.1468847e-02
 -6.1222547e-01
 -6.6405165e-01
  6.2744789e-02
  1.3816111e-01
  1.1964564e+00
  1.7300956e+00
 -1.7062405e+00
 -7.6473749e-01
 -1.7981353e+00
  1.2918650e+00
  2.5730558e-02
 -2.2105350e-01
  3.5645778e+00
  1.0115957e+00
 -9.1252053e-01
 -1.1375453e+00
 -6.6586906e-01
 -1.4035264e+00
 -6.1219037e-01
  4.1451675e-01
 -1.9351193e+00
  1.0390513e+00
 -2.4338429e+00
 -3.1132953e+00
 -8.3857530e-01
  2.0791545e+00
  2.5951612e-01
  2.5062561e-01
 -7.0536733e-01
 -3.3620638e-01
  1.3874592e+00
 -1.7046599e+00
 -5.2888972e-01
 -7.2715068e-01
  1.7222666e+00
  2.3116909e-02
  4.1043913e-01
  7.4426121e-01
  2.6048937e+00
 -1.2467446e+00
  1.0894109e+00
 -1.2680024e-01
  2.5974664e-01
  1.0306522e+00
  7.1652502e-02
  8.0036515e-01
 -1.2000012e+00
  2.6143917e-01
 -4.1877678e-01
  8.3809012e-01
 -1.7876561e-01
  6.6133320e-01
  4.2870387e-01
 -1.4841697e-01
  2.8923714e-01
  2.0614316e+00
 -1.9306138e-02
 -4.6590364e-01
 -1.1015369e+00
 -5.8714308e-02
  1.6087911e+00
  6.0244924e-01
 -1.4797695e+00
  9.0543759e-01
 -7.7827579e-01
  2.0525665e+00
  3.1685108e-01
  1.4217864e-01
 -1.1997986e+00
 -2.3267593e+00
  3.6215624e-01
  7.9487669e-01
 -2.7097008e-01
 -5.6503635e-02
 -8.5812199e-01
 -1.3411489e+00
 -2.8940505e-01
  4.1311124e-01
 -1.7840436e-01
 -1.1309967e-01
  3.0462325e-01
 -9.7995013e-01
 -4.6354103e-01
 -1.4279839e+00
  5.6347400e-01
 -1.0432795e-01
  2.3355873e-01
  3.4976282e+00
 -3.0175245e-01
 -3.6927733e-01
  7.3896110e-02
  6.6345596e-01
  1.8396863e+00
  6.7216420e-01
 -4.9025065e-01
 -1.3518963e+00
 -1.7492951e+00
 -2.1690099e+00
 -6.1628038e-01
 -7.4743569e-01
  1.0357441e+00
 -1.3479158e+00
  5.9471029e-01
  1.7178524e-01
  2.2574277e+00
 -5.2044034e-01
  1.5434805e+00
 -3.5674468e-01
 -7.3323661e-01
  1.2089218e+00
  4.7401232e-01
 -5.7658296e-02
  1.3727518e+00
  1.2506492e+00
  1.4568967e+00
 -3.8682985e-01
  1.0209315e+00
  1.7511208e+00
 -2.3295712e-01
 -3.1727445e-01
 -6.3248360e-01
 -1.6741000e+00
  3.7786067e-01
 -2.8408899e-03
 -2.2185263e-01
 -1.3072407e+00
  1.2563419e+00
 -1.2997468e-01
 -8.5958046e-01
  2.9345288e+00
 -5.9537840e-01
  1.7622941e+00
 -2.3697639e+00
 -7.1452558e-01
  1.6646463e+00
  9.1510797e-01
 -1.9689490e-01
 -1.5355076e-01
 -2.5474131e-01
 -3.8987944e-01
  7.3252994e-01
 -4.0722355e-01
 -7.7894866e-01
 -8.1850845e-01
  1.9752740e+00
  6.3193172e-01
 -4.4519717e-01
 -1.1479567e+00
  5.8368087e-01
  1.5272590e+00
  2.8694716e-01
 -6.1181825e-01
 -6.7335421e-01
  3.4558532e-01
  3.6612043e-01
  4.4601592e-01
  1.1587004e-01
  4.9648795e-02
  3.9856353e-01
 -9.0006095e-01
  3.4035156e+00
  2.4808612e-02
  4.1917386e+00
  4.4593856e-01
 -6.0132701e-02
 -1.6983794e-01
  3.8486385e-01
 -1.0286056e+00
  1.2712692e+00
  6.0982788e-01
 -1.3519013e+00
  1.3380873e-01
  1.4796627e-01
 -8.5247129e-02
  7.7253324e-01
  8.9349449e-02
  6.7119509e-01
  1.0035121e+00
  3.7262964e-01
  1.1433111e+00
 -1.1493086e+00
  4.6313089e-01
  1.9583754e-01
 -4.4578928e-01
 -1.0393538e+00
  1.2311312e+00
  3.6252907e-01
  9.1539316e-02
 -2.1361353e+00
 -3.7794819e-01
  4.0974051e-01
 -1.4155070e+00
 -4.3566471e-01
  9.3977612e-01
 -1.5014017e+00
  1.1789112e+00
 -3.8539058e-01
  2.3587324e-01
 -2.0966475e-01
 -6.6073954e-01
  1.4760215e+00
  1.0180275e+00
 -2.3596400e-01
  5.3041141e-02
 -2.1676330e-01
 -1.7756537e-01
  1.3895035e-01
 -3.1763354e-01
 -4.4129285e-01
  2.6943687e-01
 -8.4326077e-01
 -1.5759711e-01
 -4.5724407e-01
  1.5747227e-01
 -1.3522426e+00
  2.3166084e-01
  1.9814152e-01
 -3.5613060e-01
 -2.9688635e+00
  7.1905184e-01
  1.2834414e+00
  7.5401735e-01
 -1.0604585e+00
 -6.5790224e-01
  1.5292006e+00
 -1.2641200e+00
 -1.5322580e+00
  1.2462058e+00
 -1.0954474e+00
  1.0926366e+00
  2.8619592e+00
 -1.9130492e+00
  5.1467395e-01
  4.8219591e-01
  5.6963158e-01
 -1.8579052e-01
  3.0880299e-01
  1.2442737e+00
 -6.8583953e-01
  1.0197463e+00
  1.9194283e-01
  2.3494512e-01
  2.2540014e+00
  7.3744905e-01
 -3.2850332e+00
 -9.2783225e-01
 -2.4311526e-01
  1.1675907e+00
  3.1605019e-04
  1.0883315e-02
  1.2123696e+00
  8.2236767e-01
  5.8738524e-01
 -1.7747251e+00
  1.7590001e-01
 -3.1836724e-01
 -1.4807462e+00
  7.9661153e-02
  8.4130186e-01
 -9.6485013e-01
  1.0404797e+00
 -8.5295480e-01
 -1.6298163e-01
  6.8273789e-01
  1.6489320e+00
  8.4350318e-01
  4.3085897e-01
  1.7275286e+00
  3.1570659e+00
  3.1196374e-01
  2.2517114e+00
  3.7102401e-01
 -3.7930715e-01
 -2.4734883e-01
 -1.0997193e+00
  1.5126469e+00
 -7.6557308e-01
  5.1215786e-01
  2.7067673e-01
 -2.9638398e+00
  1.0084620e+00
 -1.2963787e+00
 -1.4793178e-01
  5.4173648e-01
  1.1646984e+00
  6.3843876e-01
  6.9679362e-01
  3.1697355e-02
 -3.8834003e-01
  1.0665321e+00
  4.5576114e-03
  5.6050187e-01
 -7.3202616e-01
  2.4032953e+00
  2.2143988e-01
  1.5555743e+00
  7.7900797e-01
  2.3177697e-01
  3.0180818e-01
  2.7017078e-01
  9.2078745e-01
 -7.0223629e-01
  2.3798247e-01
 -1.3236566e-02
  3.5874355e+00
 -9.1129255e-01
  1.0510474e+00
  3.6010313e-01
  1.4699570e+00
 -7.3292387e-01
 -6.0031724e-01
  9.4355160e-01
  1.4033011e+00
  1.3889807e+00
 -1.5372738e+00
  4.1168693e-02
  3.4662661e-01
 -2.3894801e+00
 -5.5642855e-01
  5.0370216e-01
 -8.3363402e-01
  1.4515260e+00
 -3.7376249e-01
 -1.3221571e-01
 -6.7511004e-01
 -5.8197963e-01
 -6.3492976e-02
  1.0456412e+00
 -5.9224695e-01
  1.4323505e+00
  7.7434236e-01
  1.0446956e+00
  4.1037709e-01
 -3.5738170e-03
 -3.4995740e-03
 -1.2557665e-01
 -2.0001806e-01
  5.6281924e-01
 -4.8841336e-01
 -1.0569894e+00
  1.0515531e+00
  3.1698054e-01
  2.0879369e+00
  5.9377402e-01
 -2.2266529e+00
 -1.8515640e+00
 -2.1240625e+00
  1.0712316e+00
 -3.0167344e-01
 -1.3074205e+00
 -1.7336630e+00
  1.3684434e+00
 -1.2107968e+00
  4.4364735e-01
 -3.4689605e+00
 -3.7243387e-01
  3.0499086e-01
  1.5792274e-01
 -4.2611709e-01
 -6.5195346e-01
  8.4571511e-01
  6.3030301e-03
 -4.2798045e-01
 -6.8364191e-01
  2.2773895e+00
 -3.7477970e-01
  5.1212710e-01
  4.7334257e-01
 -1.3189553e+00
 -1.1620451e+00
 -1.5602382e-01
 -1.3191320e+00
 -2.1859728e-01
  2.2465226e-01
 -3.8235614e-01
  4.6684116e-01
  1.2007796e+00
 -1.0853860e+00
  8.4616971e-01
 -3.3200560e+00
  9.5783758e-01
 -1.0411645e+00
 -1.2386952e-01
 -1.6207950e+00
  7.3933917e-01
 -5.4782945e-01
  5.8139700e-01
 -6.6654581e-01
  3.1576495e+00
 -1.0620466e+00
 -1.3416151e+00
 -2.8104138e+00
  1.5428990e+00
  7.4731272e-01
 -3.9508957e-01
  2.5020850e+00
 -1.3815709e+00
 -3.1191891e-01
 -7.2613537e-01
  1.9954172e+00
 -2.1396115e+00
 -8.1202161e-01
  4.1262743e-01
  1.2950612e+00
  3.0833179e-01
  1.9735073e+00
  1.1088409e+00
 -2.7624205e-01
 -3.1850368e-01
 -4.1746512e-01
 -1.0165106e+00
  2.7995265e-01
 -3.3865103e-01
 -6.3189167e-01
  4.2306876e-01
 -7.2114104e-01
 -7.8614801e-02
 -2.0037888e-01
 -6.4278030e-01
 -1.8314347e+00
  2.4671419e+00
  3.4375783e-02
 -2.6412979e-01
 -9.5181787e-01
 -7.1637231e-01
 -9.6132588e-01
  1.4672250e-01
  1.2567321e+00
  8.4001291e-01
 -2.7836785e+00
  8.9703387e-01
 -7.8109223e-01
 -1.1626360e+00
  9.4869405e-02
 -1.2431024e+00
  6.4856642e-01
  2.1566567e-01
 -8.2384062e-01
 -2.2246872e-01
 -6.2432659e-01
  5.7485271e-01
 -2.1506097e+00
 -9.4657040e-01
 -1.6381449e+00
  1.8643755e+00
 -1.8973767e+00
 -1.7982063e+00
  2.2237636e-01
 -3.1054966e+00
 -1.9127678e+00
  2.0717037e+00
 -1.1773640e+00
  4.0454423e-01
 -7.1134903e-02
  2.7724011e+00
 -1.5765448e+00
 -1.3976014e+00
 -9.6216327e-01
 -1.4799976e+00
 -9.5572644e-01
 -4.7135946e-01
 -3.9573029e-01
 -3.7408629e-01
 -4.8775318e-01
 -1.8908621e-01
 -6.2896049e-01
  5.8589473e-02
  1.2389522e+00
  1.3371356e+00
 -5.8834565e-01
  9.7964442e-01
 -2.8642330e-01
 -1.5126818e+00
  1.2871029e+00
  6.3347828e-01
 -9.1911221e-01
  1.2301159e+00
 -2.2357588e-01
 -5.1425540e-01
 -2.0841968e+00
 -5.0107992e-01
  8.0503094e-01
 -7.2169155e-02
 -3.3339851e-02
 -2.6005762e+00
 -2.8773546e-01
  8.2684976e-01
 -7.5173557e-01
 -1.2071327e+00
 -7.2471225e-01
 -2.1467005e-01
 -1.9572981e-01
 -1.1612056e-02
  3.0090587e+00
 -2.2775381e+00
  1.1146355e-01
 -2.2865074e+00
 -5.1686978e-01
  1.4894078e+00
  2.4895830e+00
 -2.0892427e+00
  6.3849434e-02
 -3.3126760e-01
  4.8104942e-02
  1.9195350e+00
 -3.3261153e-01
 -6.6477913e-01
  2.9413962e-01
  2.0796014e-01
 -3.6789701e+00
  9.1555548e-01
  4.9220964e-01
  1.1643658e+00
 -4.1735131e-01
 -2.5586593e-01
 -4.1750178e-01
  4.3703519e-02
  7.7221417e-01
  4.5716888e-01
 -8.1894428e-01
  5.8872628e-01
  2.5052185e+00
 -4.3653643e-01
  7.2756404e-01
 -6.8521482e-01
 -7.7269971e-02
  4.4587240e-01
  4.7624845e-02
  3.6834949e-01
  1.7649505e+00
  8.5908216e-01
  1.7099503e+00
 -1.5843794e+00
  1.0728312e-01
 -1.0771487e+00
  6.9731808e-01
  6.1657780e-01
 -4.4390181e-01
  3.3180040e-01
 -9.3197726e-02
  6.3107592e-01
 -5.8592737e-01
 -2.8347399e+00
  1.7345654e+00
 -4.1299298e-01
 -5.3859359e-01
  1.5857086e+00
  1.2698714e+00
  1.7146288e-01
  2.3781984e+00
  8.4544599e-01
  2.6939712e+00
 -4.4407332e-01
 -1.1242911e+00
 -1.2352115e-01
  3.7409127e-01
  2.7899015e+00
 -4.3101338e-01
  1.4139637e-02
  1.3199210e-01
 -7.5342089e-01
 -7.4586606e-01
 -7.6034784e-01
  1.2752572e+00
  2.0619702e-01
 -3.1127758e+00
  4.9408522e-01
 -5.0749138e-02
  2.5143564e-01
 -1.5569549e+00
 -6.0276824e-01
  1.3230919e+00
 -3.4206882e-01
 -5.5252034e-02
 -6.7051631e-01
  7.2565269e-01
  4.1633345e-02
  9.0921447e-02
 -1.4292403e+00
 -7.4548984e-01
  1.3235606e+00
 -2.8802516e+00
 -2.4024799e-01
 -3.0764988e-02
 -2.4024642e+00
  2.7564931e-01
 -4.1384533e-02
  5.9407008e-01
 -1.3412064e+00
 -4.1290456e-01
  2.8251261e-03
 -1.2130381e-01
 -1.8011471e+00
  1.4575204e+00
  6.7064455e-03
 -1.7951664e+00
 -9.4062787e-01
  5.5942541e-01
 -5.3724402e-01
 -2.2243485e+00
 -3.9265203e-01
 -3.3669835e-01
 -2.6421216e-01
 -2.2263749e-01
 -5.2270514e-01
 -1.8145993e+00
 -3.9113274e+00
  2.5891954e-01
 -1.3997726e+00
  1.0132066e+00
  5.9702877e-02
 -7.4840677e-01
  2.4529078e+00
 -1.3957384e-01
 -2.5023675e+00
  1.6337699e+00
  3.7670934e-01
 -8.1105107e-01
 -1.3406640e+00
 -1.8311812e+00
  1.1524112e-01
 -4.4719690e-01
  1.4043733e+00
  4.3152907e-01
 -8.5080242e-01
 -4.8904458e-01
 -1.7198768e+00
  1.1381586e+00
  9.4064999e-01
 -2.7192254e+00
  8.7176031e-01
  5.5689377e-01
 -2.3887748e-02
  3.9318146e-04
  2.1942665e-01
  2.7694774e-01
 -2.8463638e-01
  4.3145740e-01
  9.2971975e-01
 -2.4447384e+00
  9.9891770e-01
 -4.8176226e-01
  1.4271246e-01
 -2.4513714e+00
  1.8456523e+00
 -2.0598660e+00
 -1.1139903e+00
  3.6674124e-01
 -9.4611430e-01
 -4.7212686e-02
 -1.4714016e+00
 -5.0573933e-01
 -2.8481263e-01
  9.2330378e-01
 -6.7099983e-01
  9.3716508e-01
 -3.2055688e-01
  1.1086864e+00
  1.7692521e-01
 -2.9757717e-01
  2.8801906e-01
  7.9731697e-01
  8.9932054e-01
 -2.8384835e-01
  1.1106665e-01
 -5.4569948e-01
 -1.9792158e-02
 -6.2225574e-01
 -1.0572979e+00
  2.9104431e+00
 -1.5750030e-01
 -5.4889643e-01
  2.3194201e-01
  6.1366534e-01
 -2.6446141e-03
 -6.1073053e-01
  6.6322982e-01
 -1.5016656e+00
  1.2053686e+00
  2.0646172e+00
  3.2830727e-01
 -6.4754851e-02
  1.2218590e-02
 -9.9056326e-02
 -8.8487886e-02
 -1.0111233e+00
  8.5723525e-01
  1.6109933e+00
  2.0136459e+00
  1.1129148e+00
  1.8366610e+00
  1.1845460e+00
 -4.5175581e+00
  2.4312871e+00
 -9.4957030e-01
 -4.0440881e-01
  5.1615316e-02
  1.6225813e-02
 -1.1737641e+00
  5.3507306e-02
 -1.7467998e-01
  1.3307462e+00
  4.4134140e-01
 -1.0794242e-01
  2.8906314e+00
 -1.9246414e+00
  2.5448218e-01
  4.6951312e-01
  1.7231384e-01
  1.7851226e+00
 -9.9194491e-01
 -4.7200695e-01
  9.0710902e-01
  1.8004513e-01
 -7.7484232e-01
  2.3292103e+00
  5.8669937e-01
 -7.0608628e-01
 -2.2920799e+00
  4.8575017e-01
  1.3942729e+00
  1.4528191e+00
 -9.2297637e-01
 -3.2368949e-01
  2.6652372e-01
  1.1645510e+00
  2.8490460e-01
 -1.0670906e+00
 -8.4822381e-01
 -1.0747646e+00
 -2.7508485e+00
 -2.4462962e+00
  1.3678354e+00
  7.5663757e-01
  1.5315958e+00
 -5.8151454e-01
 -5.3440422e-01
  8.9270391e-02
 -1.2217667e-01
 -1.5618403e+00
  1.6032797e-01
 -3.1873071e-01
  1.7474365e-01
  2.6476905e-01
  1.0592425e+00
 -1.1071668e+00
  1.2007288e+00
 -1.3715838e-01
  9.2475004e-02
 -1.2852052e+00
 -1.1242836e+00
 -2.7021296e+00
 -3.2193232e-01
 -3.1401774e-01
 -3.3955901e+00
 -7.6879692e-01
 -1.5160656e+00
  9.1742158e-02
 -2.2168276e-01
  1.8719383e+00
  7.6732174e-02
 -1.1935474e-01
 -3.4445766e-01
  3.1371889e+00
 -8.6262149e-01
 -2.6346782e-01
  7.7970892e-02
 -1.3674859e+00
  5.6003231e-01
  3.2437432e-01
 -1.7574126e+00
  9.7876942e-01
 -1.5742186e+00
 -2.6632670e-01
  1.3454306e+00
 -5.3348166e-01
  2.8504300e-01
 -2.6086685e-01
  8.7714249e-01
  1.3602719e+00
  4.2256632e-01
 -1.1925308e+00
 -4.4525468e-01
 -1.1868974e+00
  2.7636158e+00
 -8.7671918e-01
 -3.5040805e-01
  1.6481665e+00
  1.1232493e+00
 -7.2093344e-01
  1.0386680e+00
  2.2613269e-01
 -1.1136985e+00
 -5.1180329e+00
 -9.9727029e-01
 -4.7157681e-01
 -4.9718939e-02
  3.7236089e-01
  2.6392227e-01
  5.2808726e-01
 -7.9586518e-01
  6.3528001e-02
 -3.2744464e-01
  4.3385673e-01
  2.3197365e+00
 -4.9607679e-01
  2.6576480e-01
 -4.9307570e-01
  1.1261091e-01
  1.0387928e+00
 -1.1083127e+00
 -3.4980637e-01
  7.0940828e-01
  3.6196405e-01
  7.3016590e-01
 -1.5321579e+00
 -1.4169575e-01
 -3.2394817e+00
 -1.8106210e+00
  1.0222851e+00
 -3.2851565e-01
  1.9735763e+00
 -3.2821375e-01
  7.6559824e-01
 -5.5655283e-01
  3.8238478e-01
  9.9375737e-01
 -3.4507355e-01
 -8.9535183e-01
  1.6191156e+00
  4.0939131e-01
 -2.7870741e+00
 -8.2703269e-01
 -4.1348514e-01
  8.1766957e-01
  2.0887156e+00
 -5.8128369e-01
 -1.1530056e+00
 -1.2872987e+00
  8.0599391e-01
  1.1168976e+00
  3.4998548e-01
 -7.7611029e-02
  2.3614182e+00
 -7.1755850e-01
  8.2721043e-01
  3.3280018e-01
  1.9861788e+00
  5.6826288e-01
 -2.3755953e+00
 -7.3773336e-01
 -7.6329660e-01
 -4.7419396e-01
  4.8936509e-02
 -1.8727022e+00
 -1.0354463e+00
  1.6464582e-02
  7.5697966e-02
  2.1474677e-01
 -1.1316741e+00
  4.3289599e-01
  2.9918689e-01
  8.1847511e-02
  3.9635789e-01
  2.6714475e+00
 -1.0568945e+00
 -6.3584197e-01
 -3.7551001e-01
 -1.9639815e+00
 -1.1769562e+00
 -1.3106534e+00
  9.0281242e-01
  9.6166128e-01
 -2.1444092e+00
  1.4596571e+00
  1.2243023e+00
  1.5221703e+00
 -8.9346129e-01
 -3.5449541e-01
  1.2513518e+00
 -1.4604090e-02
  2.6467347e+00
 -5.4580313e-01
 -2.7280751e-01
 -8.2936168e-01
  6.3733089e-01
 -5.0413704e-01
 -2.8788945e-01
 -1.6900034e+00
 -1.1005555e+00
  8.4082937e-01
  3.5841608e-01
  2.1958985e+00
  1.6447232e+00
 -1.0324260e+00
  4.8811913e-01
 -2.2194466e-01
  2.8501600e-01
 -1.4868579e+00
  3.0279322e+00
  2.3384990e-01
 -3.4130666e-01
  6.1376369e-01
  6.6483500e-03
  2.0214806e+00
  3.1208682e+00
  2.8414960e+00
  9.7894263e-01
 -3.3117145e-02
 -8.0912030e-01
  9.0083204e-02
  1.0016878e-01
  2.5844538e-01
  5.9515864e-01
 -1.2934828e+00
 -1.4147541e-01
  2.1673541e-01
  1.2983620e+00
 -5.1773548e-01
 -2.7469053e+00
  1.0307500e+00
  1.1440164e+00
 -1.6334676e+00
 -1.8738098e+00
 -7.9177707e-01
 -1.4278166e-01
 -5.4873013e-01
  1.7862854e+00
 -1.4932346e-01
 -4.3119439e-01
  8.2274365e-01
  5.8020610e-01
 -8.9589036e-01
  5.8218021e-02
  2.2255101e+00
 -6.1291224e-01
 -1.7795184e-01
 -4.3782204e-01
  2.5628227e-01
  1.1680763e+00
 -4.4118550e-01
 -4.7187082e-02
  9.0391469e-01
  1.7368574e+00
 -1.0132439e-01
  2.5348928e+00
  2.6502137e+00
 -2.4904735e-01
 -1.4501691e-01
 -3.0880055e+00
 -7.2202426e-01
  1.3539176e-01
 -5.7316309e-01
 -5.4026496e-01
 -2.3779521e+00
 -1.5740161e+00
 -4.3332922e-01
 -4.1666645e-01
 -4.6752623e-01
 -9.0596747e-01
  7.9928029e-01
 -4.3058693e-01
 -4.0649143e-01
 -1.3720398e+00
 -3.1077412e-01
 -2.5698158e-01
 -2.9402362e-02
  1.9926136e+00
  1.8111005e+00
 -1.4103148e+00
 -5.7542241e-01
 -1.0110337e+00
  6.6285461e-01
  1.5196505e+00
 -4.1491933e+00
 -3.5684431e-01
  6.5230340e-01
 -6.9661152e-01
 -1.5051167e-02
 -6.9593869e-02
 -1.5491393e+00
  3.6423335e+00
 -5.5776411e-01
 -6.6042888e-01
  5.8081817e-02
 -1.4328506e+00
 -7.1965650e-02
 -4.3264535e-01
 -1.1293205e+00
  1.8671062e+00
 -1.8835516e+00
 -9.0134643e-02
  7.1079648e-01
  2.5091321e+00
 -1.2334992e+00
 -4.4220755e-01
  7.5980783e-01
  8.5731053e-01
  2.4402463e+00
  5.0512064e-01
  7.9872698e-01
  1.6803937e+00
  9.2577952e-01
 -2.1965589e-01
 -2.2413869e+00
 -1.3750145e-01
 -1.8685905e+00
 -5.5289584e-01
 -4.1206264e-01
  2.1387479e+00
 -2.5151007e+00
 -4.1816363e-01
 -3.8849908e-01
 -1.6253341e+00
  1.3976500e+00
 -2.2293975e+00
  2.4486944e-01
 -2.3968325e+00
  6.9527715e-01
  2.6743171e-01
 -9.0121192e-01
 -5.5866057e-01
 -8.8528085e-01
  1.4741155e+00
  4.3043313e+00
  8.7550986e-01
  8.0124772e-01
 -1.9921173e-01
 -2.5332302e-01
  9.4373703e-01
  9.5747066e-01
 -1.6320308e+00
  1.3753776e-01
  3.9100474e-01
 -8.7814862e-01
 -2.0976644e+00
  4.0212147e-02
 -6.2355852e-01
 -7.7835625e-01
  1.2302048e+00
 -8.8238859e-01
 -2.5381315e-01
 -2.2417974e+00
  2.3312424e-03
  2.1262648e+00
  5.6994361e-01
  2.3066050e-01
 -1.7126350e+00
 -8.8322088e-02
  3.1835678e+00
  4.5546889e-01
 -7.8100145e-01
 -3.9788857e-01
 -1.9400173e-01
  4.1271949e+00
 -5.1623758e-02
 -1.3150603e+00
 -5.0715512e-01
 -6.5042567e-01
  3.4970880e-01
 -8.0757990e-02
  5.2044487e-01
  1.6091337e+00
  1.4222808e+00
 -4.8010403e-01
  1.0994805e+00
  1.2410425e-01
  1.9826967e-01
  1.0667326e+00
  1.2095222e+00
 -1.0405765e+00
  1.4681286e+00
 -6.7704809e-01
 -1.9811548e+00
  1.3304644e+00
 -8.4153789e-01
 -6.8383403e-02
  4.2682296e-01
 -8.9017421e-01
 -3.7985224e-01
  2.6052704e-01
 -7.6583922e-01
 -2.2151290e-02
  1.3397208e-03
 -4.1303082e+00
 -2.2286415e-02
 -3.7453839e-01
 -2.1402305e-01
  1.5065546e-01
  5.1694363e-01
  2.6768949e+00
  1.5609799e-01
 -4.0317538e-01
  1.9250174e+00
  2.1339823e-01
 -1.5793504e+00
  3.2909105e+00
  8.1020039e-01
 -3.1932852e-01
  2.7583060e+00
  7.5346065e-01
  7.9621834e-01
  4.8982227e-01
 -6.1705732e-01
  5.2222145e-01
 -7.7208996e-02
 -1.1245475e+00
 -2.8252122e-01
 -2.1112876e-01
  6.5032393e-02
  7.4363954e-02
 -1.0452680e-01
  2.8010066e+00
  3.4493418e+00
 -8.1473321e-01
  8.5687846e-01
 -2.4052221e-01
 -1.1700931e+00
  2.1896632e+00
 -2.3078942e+00
  1.2798202e+00
 -1.9510108e+00
 -4.0762353e+00
 -6.8931890e-01
  4.5681947e-01
  3.4453222e-01
  5.5472970e-01
  4.2015192e-01
 -1.0950397e+00
 -3.5457592e+00
  1.2426667e+00
 -1.9566165e+00
 -1.7049192e-01
  2.9716581e-01
  1.1390877e+00
 -2.8212270e-01
 -9.0271860e-01
  3.0521126e+00
  5.0924506e+00
 -4.5435491e-01
 -5.0125068e-01
  2.9836461e-01
  1.2141216e+00
 -2.1935933e+00
  1.7748601e+00
  1.8246886e+00
  9.6491688e-01
 -5.0258106e-01
 -1.1761123e+00
 -2.0266144e+00
 -5.3180379e-01
 -2.5237373e-01
 -4.7246492e-01
 -9.7516167e-01
 -5.7609391e-01
  5.2937883e-01
  4.3988712e-02
  1.4081970e-01
 -1.0853518e-01
 -1.3662175e+00
  2.3744322e-01
  1.7880228e-01
  2.0376222e+00
  8.2104659e-01
  2.1592739e+00
  1.3171127e+00
 -3.4739971e-01
  1.9143527e+00
 -2.1055651e+00
  1.6710439e+00
 -1.4414399e+00
  7.6596349e-01
  1.5196464e+00
 -6.8939173e-01
  1.9804223e+00
  9.9865532e-01
 -8.0045718e-01
  1.5561900e+00
 -2.7207792e-01
  1.1660836e+00
 -4.4096267e-01
  9.5187467e-01
 -6.3108645e-02
 -7.7162720e-02
  1.1819404e+00
 -2.8644234e-01
  2.7958963e+00
  4.3942299e-01
  2.0242233e+00
  5.1354074e-01
 -1.7591184e+00
  3.6659831e-01
 -4.3722570e-01
 -1.8304344e+00
  1.1449978e+00
 -9.1387528e-01
  4.6596047e-01
  1.6801587e-01
 -9.3580239e-02
 -7.0428866e-01
 -4.0702972e-01
  4.3552315e-01
 -1.4099023e+00
 -9.1454101e-01
 -4.1355740e-02
 -9.2424047e-01
  2.3762369e+00
 -1.0719817e-02
 -3.6577779e-01
  1.6441290e+00
 -7.1693599e-01
 -1.6381826e+00
  1.6321543e-01
 -2.0220906e-01
 -4.4187450e+00
  4.6262705e-01
  3.2021320e-01
 -2.6376140e+00
 -1.9033583e+00
  2.7144837e-01
 -9.9613726e-01
 -6.4266413e-01
 -7.3412704e-01
  1.5277460e-01
 -8.8923842e-01
 -1.3978007e-01
 -5.9155285e-01
  4.7078314e-01
  6.2930860e-02
 -3.2128103e+00
 -2.5067839e-01
 -2.3670526e+00
  1.8779154e-01
  2.1862024e-01
  8.1947386e-02
 -3.9296830e-01
  3.5002205e-01
 -1.2183400e+00
  1.7682079e+00
 -2.7315559e+00
  1.2846360e+00
  8.7686874e-02
 -2.0305874e+00
 -2.7165396e+00
 -3.4388891e-01
 -2.0122699e-01
 -6.5742558e-01
  1.3998657e+00
  3.9978126e-01
 -9.9855882e-01
 -5.8196604e-01
 -3.0933037e-01
  1.9417284e-01
  2.9053754e-01
  9.8070991e-01
  2.6805559e-01
 -1.0377305e+00
 -1.7931053e-01
 -9.1383696e-01
 -1.8111740e+00
  1.3415012e-01
  1.9813749e-01
 -1.3776305e+00
 -1.3716692e+00
  1.5236449e+00
  1.2055093e+00
  1.1213432e-01
 -1.4645737e-01
  1.0723943e-01
 -8.3792567e-01
 -3.5925105e-01
 -7.0419550e-01
 -8.1415497e-02
  1.2817906e+00
  2.8518708e+00
  3.6581892e-01
 -1.8374231e-01
  5.6097245e-01
 -3.3283618e-01
  3.9639230e+00
  2.6122734e-01
  2.5991881e+00
  1.9361311e-01
  2.3691614e+00
 -1.5994610e+00
  1.3664113e+00
  2.5104338e-01
 -3.8196775e-01
  1.9906824e+00
  6.8628997e-01
  1.5524516e+00
 -1.6846466e-01
  1.7516413e-01
 -2.9115553e+00
  5.1652038e-01
 -2.8099678e+00
  3.2162264e-02
 -3.6692080e-01
  1.2632263e+00
 -4.9656120e-01
  2.0212049e+00
  1.4523743e+00
  2.3674285e-01
 -1.5085103e-01
 -7.3132366e-01
  6.4876962e-01
 -7.3128253e-01
 -7.3649310e-02
  5.7355274e-02
 -9.1730243e-01
  1.9175489e-01
  2.2594078e-01
 -1.5910195e+00
 -2.9701686e-01
  2.9329028e+00
  1.2927186e-01
  5.7901579e-01
  6.8312436e-01
  1.0146722e+00
  9.6263671e-01
 -1.5751143e+00
 -1.1036240e+00
  2.7522090e-01
 -6.0691178e-01
 -1.7078584e-01
 -4.8687077e-01
  4.6051955e-01
 -5.1283365e-01
  1.5092814e-01
 -3.1582687e+00
  2.7166443e+00
 -6.3195813e-01
 -1.3930216e+00
  2.4106105e-01
 -1.1156305e+00
  5.9221125e-01
 -4.4161972e-01
  1.2665531e-01
  6.9592130e-01
 -5.3740358e-01
 -7.5596029e-01
 -8.9528829e-01
 -3.2976022e+00
 -2.0665472e+00
 -1.2172493e+00
 -1.9848955e+00
 -4.3474463e-01
 -4.7295344e-01
 -1.7067298e+00
  1.1516613e+00
 -1.1573318e+00
  5.4740846e-01
 -3.8586777e-01
  1.4766638e+00
 -1.3051142e+00
  1.4268913e+00
  1.4113352e+00
  3.6199805e-01
  1.9330887e-01
 -6.0777575e-01
 -1.2833608e+00
 -2.9807514e-01
  1.3789946e+00
  7.9572564e-01
 -1.3983421e+00
  1.1456096e+00
  4.2631933e-01
 -8.6803842e-01
 -2.8226850e+00
  2.0535858e+00
 -3.1227732e-01
  8.9574993e-01
  2.7044326e-01
 -7.5760424e-01
  4.3911543e-01
 -2.0363979e+00
  1.3838398e-01
 -6.3404685e-01
  1.8114337e-01
  1.9667760e+00
 -6.4027214e-01
  1.9269851e-01
  3.9209064e-02
  1.2430346e+00
  1.5594829e+00
 -1.9974597e-01
 -1.8697953e-01
  1.5584007e-02
  2.9619676e-01
  2.7440364e+00
  7.1384124e-02
  2.1901436e-01
 -1.4341946e+00
 -4.1461059e-01
  3.6933582e+00
  1.6780843e+00
  2.5674508e+00
  3.1550160e-01
  1.2648018e-01
 -1.7064483e+00
  3.2655126e-01
 -1.2421385e+00
  6.9332367e-01
 -1.7201364e-01
 -1.5262625e+00
  2.0762090e-01
 -4.4100156e+00
  5.2103858e-02
  5.7705963e-01
  9.7153431e-01
  1.0229821e+00
 -2.2425574e-01
  1.0549250e+00
  1.9188061e+00
 -3.8015563e+00
 -6.8546009e-01
  3.6501655e-01
 -8.5859334e-01
 -1.0222820e+00
 -8.0929255e-01
  1.7498106e+00
 -1.7839496e-01
  1.4444498e+00
 -5.4104078e-01
  3.2905378e+00
 -8.5418606e-01
 -7.6938522e-01
  1.4846085e+00
  1.9652615e+00
 -1.5513804e+00
  4.4471886e-02
 -9.9604648e-01
  1.8898703e-01
  5.5257303e-01
 -1.2656451e+00
  1.3968241e+00
  7.1363616e-01
 -1.1938360e+00
  3.2723409e-01
 -1.2291743e+00
  6.7023849e-01
  6.3592589e-01
  2.1958125e-01
  2.8395054e-01
  2.6668844e-01
  1.4238867e+00
  7.3304963e-01
 -3.5681641e-01
 -6.6370428e-01
  7.5090528e-02
  2.6537344e-01
  4.2945984e-01
  2.4348448e-01
  9.7260851e-01
  7.1646523e-01
 -6.2948793e-01
  1.1322414e+00
  3.7338996e+00
  5.2707952e-01
 -1.1173906e+00
 -1.2039137e-02
 -4.7949278e-01
 -1.8690450e+00
  3.2199967e-01
  2.5105307e+00
 -4.4528556e-01
 -1.6052905e+00
 -5.5674154e-01
 -1.2358332e+00
  2.5129950e+00
  3.7484795e-01
 -2.7305630e-01
 -3.9784110e-01
  7.8571796e-01
  1.8234652e-01
 -2.9193389e-01
 -2.6590845e-02
 -1.8235515e-01
 -1.3169047e-01
  1.8006051e+00
 -1.1550004e+00
  1.2546566e+00
  9.7993888e-02
 -1.1894210e-01
 -1.1930579e+00
 -5.1413089e-01
  1.0333260e+00
  1.9377971e+00
  2.0949910e+00
  1.5211245e-01
 -1.2020611e+00
  1.0248554e-01
 -1.7125227e+00
  2.6438549e+00
  2.5651116e+00
  6.5628111e-02
 -2.9795456e-01
 -9.9785954e-01
  1.1788744e-01
 -2.9690371e+00
  2.2639966e-01
 -1.0968924e+00
 -2.9620466e-01
  3.1371847e-01
  1.8659104e-01
 -4.7881666e-01
 -4.5886946e-01
  7.6181543e-01
  1.4889861e+00
 -1.0832809e+00
  9.0111399e-01
  6.2448871e-01
  5.2571720e-01
 -8.2708859e-01
 -2.0263658e+00
 -2.5297967e-01
  7.7064401e-01
 -2.1394858e+00
 -7.9719490e-01
 -2.9852741e+00
  1.0459391e+00
  1.4224097e+00
  5.4657859e-01
 -1.1095990e+00
 -2.6732194e-01
 -2.2464907e+00
 -1.9707575e+00
 -2.3079908e-01
  9.2730767e-01
  5.3236330e-01
 -3.9377987e-02
 -1.6851457e+00
 -7.1353954e-01
  7.4122345e-01
  7.4461210e-01
  8.7561779e-02
 -6.9428883e-02
  4.1505605e-02
 -1.3248552e-01
 -2.3491946e-01
 -1.3701906e+00
  7.1149063e-01
  1.4943826e+00
 -2.3920888e-01
 -1.0462084e+00
  2.7590961e+00
  3.2400908e+00
  4.6231458e-01
 -1.1585548e+00
 -5.6032729e-01
 -3.0328553e+00
  1.7614691e-01
 -1.0367208e-02
 -3.3561710e-01
 -1.1602992e+00
  1.1171894e+00
 -2.2535975e+00
  1.6444299e-01
  9.7433382e-01
  1.2588174e+00
 -1.4086512e+00
 -1.9637112e-01
 -2.7917004e-01
  7.1639961e-01
  8.1381088e-01
  2.1596301e-01
 -1.1922476e+00
  1.0861088e+00
 -9.4529426e-01
  6.8702716e-01
 -1.5895318e+00
 -5.7084018e-01
 -8.2287723e-01
 -5.9661371e-01
 -9.0177894e-02
 -1.1044973e+00
  5.6056798e-01
  2.5308151e+00
 -2.4448647e-01
 -8.8281065e-01
 -1.8566956e-01
 -5.0553316e-01
 -4.4922581e-01
  2.4378104e+00
  1.0125109e+00
  3.3688650e-01
  5.8105218e-01
  6.2282127e-01
  1.6683347e+00
  1.3713559e+00
 -1.0720022e+00
  8.1442371e-02
  1.9487588e+00
 -4.3219927e-01
  5.0764257e-01
 -1.0630978e+00
 -2.9394758e+00
  2.7519677e+00
  5.0314713e-01
  1.2943437e+00
  2.7396953e+00
  1.1028690e+00
 -3.5682720e-01
 -1.6538437e-01
  1.4131935e+00
 -2.4362016e+00
  1.3736867e+00
  1.0860287e-01
  3.6716944e-01
  2.5982502e-01
  2.5555057e-02
  1.3765050e+00
 -2.2147892e+00
  1.2195557e+00
 -1.2101445e-01
  2.4529459e+00
 -6.9767565e-01
  8.9261889e-01
  1.6291529e+00
  6.0118206e-02
 -4.9942102e-02
 -4.9530920e-02
  1.3761020e+00
 -3.5337858e+00
  3.3521507e+00
 -1.3375554e+00
 -3.4391966e-01
 -4.3753898e-01
  1.1907321e+00
 -1.5354042e-01
  1.0198568e+00
  2.9111729e+00
  1.3580008e-01
 -1.6390867e+00
 -1.5374051e-01
 -1.4628420e+00
 -2.0330634e+00
 -3.3766601e+00
 -1.6712418e+00
  8.4172666e-01
  1.1808856e+00
 -2.5353944e-01
 -3.8282722e-01
 -4.8845524e-01
  2.2387338e+00
  1.2863963e+00
 -4.5257404e-01
  2.8799418e-01
 -3.6443529e-01
 -8.2522742e-02
 -3.8508180e-01
  4.3986493e-01
 -2.9660099e+00
  3.8821556e-02
 -4.0790614e-01
  1.7388570e+00
 -2.9400258e+00
  4.8665918e-02
  2.3715696e+00
  3.0568060e-01
 -4.8715511e-01
  1.4558607e-01
  1.3114026e-01
 -1.7555516e+00
 -2.8188534e+00
  6.3941038e-01
 -4.8603022e-01
  7.9145002e-01
  2.8418699e-02
  1.7035328e+00
 -2.5345156e-01
 -3.5467473e-01
  1.3853843e+00
 -5.5467230e-01
 -5.5721831e-01
 -6.5052766e-01
  2.4164973e-01
 -8.3042848e-01
 -2.6996605e+00
 -3.9528269e-02
  1.5392272e+00
 -1.8572450e+00
 -2.9962398e-03
  7.3609865e-01
  8.1657410e-01
  2.5835422e-01
 -3.2865095e-01
  2.9548850e+00
  8.5339636e-01
 -4.6273491e-01
  8.0945976e-02
  8.6276725e-02
  6.6796368e-01
  1.7427495e+00
  1.2614790e-01
 -4.1831121e-01
  2.9762033e-01
 -2.3205206e-02
 -6.9780809e-01
  7.7074289e-01
  1.3628877e+00
 -4.2503533e-01
 -6.1830506e-02
 -2.9766075e-02
  3.1981033e-01
 -5.8307630e-01
  1.1816498e+00
  4.0262020e-01
 -1.2762586e+00
  1.3060528e+00
 -1.1977784e-01
  2.0786502e+00
  1.2681923e+00
  7.6718891e-01
  3.4160118e+00
 -2.4282256e-01
  9.7667694e-01
  4.8474732e-01
  2.0978663e+00
 -4.2893878e-01
 -5.9804368e-01
  1.3343385e+00
 -1.1821214e+00
 -1.2314452e+00
  2.1191265e-01
  2.5043532e-01
 -6.3527220e-01
  2.5646994e-02
 -3.5843700e-01
 -2.1852725e+00
  2.0457651e-01
  2.0777464e+00
  1.1361170e+00
  6.9230294e-01
 -4.9532369e-01
  5.3626251e-01
  5.3284049e-01
 -2.1509412e-01
  8.8511890e-01
 -6.5420204e-01
  1.7458701e+00
  8.6911321e-01
  4.3270594e-01
 -2.5485039e+00
 -1.3618430e-01
  3.5601616e-01
  1.3222437e+00
  2.9841431e-03
 -2.1298611e-01
 -2.1071224e-01
  5.7408673e-01
  1.0004255e+00
 -2.0382309e+00
  9.7243637e-02
  7.0494580e-01
  5.0916964e-01
 -2.8628200e-01
  8.3272529e-01
 -1.6861303e-01
  1.9062313e-01
 -1.6793847e-01
  6.6802773e-04
 -8.2843906e-01
 -3.6178124e-01
 -3.9884898e-01
  2.5258115e-02
 -1.9504854e-01
 -5.4164553e-01
 -4.8598356e+00
 -1.2939501e+00
  3.6480372e+00
 -5.9740469e-02
 -3.6986086e-01
 -1.9091815e+00
 -1.1097883e+00
  1.2986957e-03
 -1.6541158e-01
  2.1055648e-01
 -5.2709371e-01
  1.4939930e+00
 -4.4099995e-01
 -2.8586087e+00
 -9.1053814e-01
 -1.0862359e-01
 -1.5082842e+00
  5.5642504e-02
  3.3085427e-01
  2.5527179e-02
 -1.3958527e-01
 -1.5745233e+00
 -1.5460664e-01
 -2.5317705e-01
 -6.5314853e-01
  2.6290226e+00
 -1.7433550e+00
 -4.5907179e-01
 -6.0122162e-01
  2.7300173e-01
 -1.8321317e-02
  1.5112143e+00
  7.2412801e-01
  8.3939493e-01
 -2.6214164e-04
 -3.0075359e-01
 -7.4969810e-01
 -6.2634581e-01
 -1.1458445e+00
  5.6820259e+00
  1.8686546e-01
 -4.3708491e-01
  1.7916887e+00
  2.0352577e-01
 -1.1257765e+00
 -2.5371761e+00
  1.6134028e-01
  1.1216116e+00
  6.6097274e-02
  5.4117846e-01
  1.3115232e+00
 -1.3510317e+00
 -4.9519448e+00
  6.1732680e-01
  9.4450253e-01
 -2.0033669e+00
 -1.9550000e+00
  3.8091889e-01
 -1.6425382e+00
 -5.0103492e-01
 -1.7225538e-01
 -4.0658293e+00
 -2.4838622e-01
  6.7046511e-01
  2.4059625e-01
 -4.8404926e-01
  1.0622635e+00
  4.9064779e-01
 -3.1357840e-01
  1.3859075e+00
  5.3032428e-01
  1.9840826e+00
 -2.2242090e-01
 -2.9990107e-01
  3.5191767e-02
 -1.8518710e+00
  1.1517748e-01
 -3.6166484e+00
  1.1565585e+00
 -4.4971970e-01
 -1.5419486e-01
 -5.2489929e+00
 -1.8754826e-01
 -1.4433566e+00
  8.1060022e-02
 -4.3282208e-01
 -8.6471874e-01
 -6.4526725e-01
 -8.7873030e-01
 -9.0105265e-01
  4.6722272e-01
 -1.0538937e+00
 -4.0167174e-01
  2.8250048e-01
 -9.1227353e-01
 -2.0126889e+00
  2.5935159e+00
 -1.5815428e-01
  4.8174968e-01
  1.6612959e+00
 -3.6765108e+00
  1.4942743e+00
 -1.6599633e+00
 -2.4063869e-01
  8.4414519e-02
  8.2128638e-01
 -1.7852030e-03
 -1.4326893e+00
 -4.2180318e-01
  3.8704488e-01
 -6.1924595e-01
  3.0075223e+00
 -1.4707396e+00
 -1.5232897e+00
  3.4440929e-01
  6.1834350e-02
 -1.7888434e+00
 -3.7824327e-01
  9.9085063e-02
  5.7680893e-01
 -2.6281001e-02
 -1.1957299e+00
 -1.4537183e+00
 -7.2307986e-01
 -1.0747234e+00
 -4.8649347e-01
  1.7945157e+00
  2.6731949e+00
 -1.9920061e+00
  2.3977041e-01
  1.4299825e+00
  1.7659838e+00
 -4.8852533e-01
  1.3164072e+00
  2.8198668e-01
  3.9761451e-01
  6.4637704e+00
  4.2815995e-01
  3.4623999e-02
  1.0127350e+00
  6.4130360e-01
  2.2184546e+00
 -3.6300361e-01
 -7.8325951e-01
  2.2228910e-01
  4.0056446e-01
 -2.1988060e+00
 -8.8542008e-01
 -7.0053041e-01
 -1.4312726e+00
  3.7574320e+00
  8.4211951e-01
  3.8290057e+00
 -1.3343465e+00
  4.8044813e-03
  3.5768658e-01
  7.8605568e-01
 -5.3857174e-02
  1.6352294e-01
  6.0642648e-01
 -5.2533555e-01
  7.8879607e-01
  3.8653043e-01
 -5.3404301e-01
  9.1555196e-01
  4.2040173e-02
 -4.7559211e-01
 -5.8345705e-01
  4.5046398e-01
  6.1307298e-03
  1.4655377e+00
  2.4280845e-01
 -1.4680301e+00
  3.8119236e-01
 -3.6031839e-01
  2.7118220e+00
  4.4465415e-02
  3.3097854e+00
 -3.5771859e-01
 -1.2896086e+00
  1.4242284e+00
 -8.9352894e-01
  3.2341778e-01
  3.8214859e-01
  2.7594200e-01
  1.8354225e+00
 -2.5264118e+00
  1.2664267e+00
  1.3043289e+00
  8.6546503e-03
  8.6546503e-03
  8.6546503e-03
  8.6546503e-03
  8.6546503e-03
  1.0181492e-02
  1.0181492e-02
  1.0181492e-02
  1.0181492e-02
  1.0181492e-02
  5.7646688e-03
  5.7646688e-03
  5.7646688e-03
  5.7646688e-03
  5.7646688e-03
  3.3075900e-03
  3.3075900e-03
  3.3075900e-03
  3.3075900e-03
  3.3075900e-03
  1.9659703e-03
  1.9659703e-03
  1.9659703e-03
  1.9659703e-03
  1.9659703e-03
  1.1286740e-03
  1.1286740e-03
  1.1286740e-03
  1.1286740e-03
  1.1286740e-03
  2.2213218e-04
  2.2213218e-04
  2.2213218e-04
  2.2213218e-04
  2.2213218e-04
